"baseMean","log2FoldChange","lfcSE","stat","pvalue","padj","symbol"
23.2573215126969,-4.53104437560654,0.7942199467739,-5.70502465219051,1.163262516457e-08,6.95459706924754e-08,"ANKRD65"
377.306930562554,-2.00689265499338,0.151218093595536,-13.2715114129214,3.38680136275805e-40,1.27484726832916e-38,"VWA1"
88.7970203697547,-4.17048589842098,0.394888777472032,-10.5611659189691,4.51024580838695e-26,9.4071607282896e-25,"PRKCZ"
16.756526903172,-7.29232621582251,1.29977896201473,-5.61043564247186,2.01817917158395e-08,1.17689098566337e-07,"AJAP1"
9322.56058497188,-6.12939665557805,0.0947877972944297,-64.6644065009648,0,0,"PADI2"
640.430380453285,-7.20738913516584,0.66730056034136,-10.8008138513759,3.41166016095747e-27,7.54652344052396e-26,"PADI4"
317.697053537789,2.00005497216099,0.173884767681335,11.5021861824397,1.28615872029858e-30,3.29350512594998e-29,"SH2D5"
6172.17829542943,-2.67984938158204,0.0844924885333123,-31.7170132884117,9.05397048020653e-221,6.90503026927403e-218,"ID3"
22.3753579561288,-3.72277561958404,0.717684667069009,-5.18720238902091,2.13476692825653e-07,1.10135137319258e-06,"MYOM3"
346.389769685157,-2.23810992911335,0.175059036008983,-12.7848866310363,1.99152997381538e-37,6.84969162170502e-36,"STPG1"
15.0536451769546,-2.476416358107,0.769080274909351,-3.21997122913975,0.00128203462732779,0.00368839911398341,"RUNX3"
14.470033663485,-2.10399881736129,0.691281372684529,-3.04362145502432,0.00233749064640205,0.00639555817010425,"CRYBG2"
332.2762617155,-2.24567853610462,0.163161448484577,-13.763536404967,4.22351075473336e-43,1.72691380300181e-41,"SFN"
172.269972956516,-2.46221968508669,0.23648667617197,-10.4116634600429,2.19354750533461e-25,4.39737334755136e-24,"SYTL1"
2520.79044916543,-2.8168237905711,0.0964463003251981,-29.2061362755577,1.62072764416923e-187,1.05293272616194e-184,"TINAGL1"
38.1002054199421,-2.51238104728576,0.468891315002502,-5.35813090774,8.40873071704893e-08,4.56083937871847e-07,"BMP8B"
40.4835726871703,-3.35869905491141,0.505240071858119,-6.64772895498796,2.976497689799e-11,2.32875762608226e-10,"MYCL"
1394.74161191504,-2.47625371193415,0.110752936132359,-22.3583572445865,1.00130970953057e-110,2.01884754193974e-108,"MFSD2A"
462.545952382266,2.24480239240918,0.13155730389947,17.0633049315495,2.78351988845364e-65,2.17971974836452e-63,"CITED4"
65.7373030566245,-2.94584256805535,0.364674068488961,-8.07801492511257,6.58295513611138e-16,7.47389100598898e-15,"TIE1"
35.2190906150283,2.176066630431,0.44932762079539,4.84293982768958,1.27932040135448e-06,5.96347572685595e-06,"KLF17"
10.4654713824916,-4.70001877628954,1.22674859298111,-3.8312811632154,0.000127477728166244,0.000442351499458769,"FAAHP1"
69.8699313407972,-4.09918103652614,0.460887833574906,-8.89409686675948,5.88963061838953e-19,8.08372540509944e-18,"CYP2J2"
64.6109558873092,-2.33017137214859,0.351834129020061,-6.62292591863858,3.52157535980474e-11,2.73811850116733e-10,"KANK4"
609.177199878295,2.02333389375285,0.128736938536749,15.7168091516738,1.16021450993103e-55,7.21678110592208e-54,"ROR1"
39.7222853631828,-3.06323400142512,0.469078818428554,-6.53031831982346,6.56300549530227e-11,4.97715864215725e-10,"ERICH3"
953.477345831824,2.06695266322338,0.135957593665907,15.2029217897352,3.3819403615443e-52,1.85383174630776e-50,"SLC44A5"
365.559358919405,2.16348731293223,0.153561518151994,14.0887335510113,4.45478950966948e-45,1.93899411387376e-43,"ST6GALNAC5"
44.9178098196798,-2.03017582373659,0.411281408389858,-4.93622075377686,7.96509465975538e-07,3.81320211317601e-06,"DNAI3"
53.9365612486629,3.0494695439096,0.380523269203907,8.01388453928034,1.11141052303422e-15,1.24809551757639e-14,"CLCA2"
10.2517202022554,-3.22046885987926,1.00917896728065,-3.19117714923964,0.00141694372407629,0.00404139997788979,"PLPPR5"
1208.79174627195,-3.11554192991715,0.273640113832579,-11.3855453657037,4.93584743440654e-30,1.23862231540666e-28,"PLPPR4"
184.703144944033,-2.58352486075564,0.223256961013476,-11.5719789834446,5.71490706260547e-31,1.49174382120778e-29,"FRRS1"
106.862066905622,-2.41725046334707,0.275918369285422,-8.76074496093647,1.93964202833061e-18,2.60116672927731e-17,"ELAPOR1"
505.226642557062,-2.70233707420835,0.147368364137934,-18.3372943712601,4.17042994323853e-75,3.95424387212687e-73,"GSTM3"
19.6306383952283,-2.53307275103532,0.625749757543779,-4.04806029966077,5.16438430997585e-05,0.000190471962113723,"C1orf162"
19.590388653826,-7.52538784766157,1.28106612238603,-5.87431649011628,4.24591521296689e-09,2.6646725849965e-08,"KCND3"
14.7059698073476,-2.13175734373412,0.767105476715365,-2.77896248748216,0.00545328222705487,0.0137338152971672,"DENND2C"
92.9027294332319,-3.23069246301618,0.349330134455328,-9.24825013465683,2.2819779974369e-20,3.40086457544951e-19,"SPAG17"
49.7166208359463,-2.59927773022992,0.419110103480713,-6.201897087765,5.57865549470142e-10,3.85712242934795e-09,"LSP1P5"
1260.5770146348,-2.39637912726119,0.113615651654598,-21.0919806590241,9.42325474723956e-99,1.53049362519749e-96,"ACP6"
35.3444671718797,-3.96965765964175,0.573913682683214,-6.91682003656446,4.61894238138176e-12,3.87104005312076e-11,"SELENBP1"
6383.02573321069,-2.57398960070251,0.0851628263735071,-30.2243327319071,1.13467206925048e-200,7.65510875643176e-198,"S100A2"
21.0432647688589,-2.51746060337515,0.609810065627228,-4.12827000614656,3.65502776873316e-05,0.00013758120620461,"KCNN3"
27.7539377918335,-3.344884552725,0.578876242025513,-5.77823774736566,7.54870911658552e-09,4.58966747362311e-08,"CD1D"
3812.92991116327,3.40674908567594,0.0965298063019222,35.2921985051999,7.73563964549577e-273,1.13075712518034e-269,"CADM3"
14.1097639484889,3.34765752215853,0.795655509146353,4.20742077906327,2.58301910480958e-05,9.92959415241393e-05,"CADM3-AS1"
583.905955307914,3.56969027293333,0.167870960647194,21.2644894576828,2.42110502699357e-100,4.1231653668441e-98,"ACKR1"
134.741676059952,2.15845688195723,0.225130867826949,9.58756523612909,9.01881007617998e-22,1.48404265990875e-20,"IGSF9"
25.6811468885649,-5.0033113007057,0.858755747215748,-5.82623326472912,5.66923614300816e-09,3.50525453593606e-08,"KCNJ10"
14.7828980525655,-2.91968113115181,0.745229733691111,-3.91782694537787,8.93508129365253e-05,0.000318169429500526,"CASQ1"
11.4227146386797,-2.30067503176645,0.802052459651854,-2.86848447888945,0.00412443434403176,0.0106942650153232,"NR1I3"
56.2522096251837,-3.2487257694787,0.419860403750516,-7.73763312867465,1.01284605679028e-14,1.05751980250942e-13,"HSPA6"
35.946921789999,-3.04832125884389,0.520059866936995,-5.8614814421225,4.58755754241074e-09,2.86881806956958e-08,"FAM78B"
10.6265253394983,7.07728256717421,1.36415224015922,5.18804452965466,2.12513793930501e-07,1.09735191620104e-06,"FMO3"
789.609210670761,-2.83660789422897,0.140696280766109,-20.1612144882813,2.14550784925877e-90,2.85108736241273e-88,"TNFSF4"
19.9135322773275,-4.61733561304444,0.874039011457773,-5.2827568935892,1.27254208600932e-07,6.75390642380921e-07,"KIAA0040"
10.9412431137164,3.76625839845936,1.03620244516046,3.63467430138726,0.000278332032435958,0.000912223875366056,"CRYZL2P"
24.9596770915047,-3.45706547217718,0.640516448195065,-5.39730943977937,6.76476604756513e-08,3.70814878876062e-07,"RGS8"
376.209562730779,-3.83542955315673,0.182514013250494,-21.014438753767,4.83929065675214e-98,7.51203516903446e-96,"LAMC2"
37.8169341092377,-2.28760377525167,0.458007328585903,-4.99468814683522,5.8930915357488e-07,2.86583639114416e-06,"NCF2"
20.8253978711594,2.27319579766586,0.557618823555261,4.07661237684273,4.56965756610003e-05,0.000169894793062655,"CFH"
46.8924435188987,-8.78173902722794,1.22279018734558,-7.1817218670124,6.88388571223826e-13,6.16387132610369e-12,"KIF21B"
19.7833210832721,2.08495698914246,0.606384695543425,3.43834038765438,0.000585291468982513,0.00180972988849326,"LGR6"
11895.2976675578,2.47405304876773,0.0888604141802635,27.8420157230962,1.34571108988727e-170,7.15306612960989e-168,"CHI3L1"
800.917011969911,-4.05128827135464,0.14180132954935,-28.5701712687024,1.57777013427732e-179,9.54333307770982e-177,"NFASC"
10.259006579108,-4.65062297237867,1.24119962965011,-3.74687750566737,0.000179049465038413,0.000605729347394176,"KLHDC8A"
34.2978797821038,-2.4528300645613,0.506457807800141,-4.84310840268304,1.27823505041784e-06,5.9600002709674e-06,"SLC26A9"
366.945663983272,-2.6324687521904,0.158027116693195,-16.6583356532491,2.632485914162e-62,1.91603466474338e-60,"CD34"
134.511580512019,2.30731928631593,0.244563798876567,9.4344269140195,3.93137412799916e-21,6.14618837604574e-20,"KCNK2"
360.284783855645,-2.71972960521139,0.160111947679984,-16.9864250895712,1.0350867329948e-64,7.92858357356406e-63,"RHOU"
410.839697033613,2.73788873305067,0.146360383286586,18.7064878594207,4.38326516007041e-78,4.39353452415972e-76,"AGT"
109.128035087689,-9.03729770534765,1.20518912596812,-7.49865519910668,6.44758815059115e-14,6.34308153390462e-13,"PLD5"
11.3268928709956,-2.47925431705214,0.825849831154819,-3.00206432637432,0.00268155505450116,0.00723617882707824,"LOC105376353"
49.9040473173978,-2.29183813376061,0.37840875490213,-6.05651456017014,1.39102555313229e-09,9.23192554956245e-09,"PRKCQ"
235.492507174435,-2.44072919190902,0.190856070777622,-12.7883235883697,1.90539732506454e-37,6.56632111570865e-36,"CCDC3"
10.9486998891643,2.16092641697994,0.808078092010913,2.67415542921409,0.0074917720310202,0.0182597280147901,"CDNF"
3118.30425424878,2.74099645695749,0.107372683176311,25.5278752087869,9.66930107956003e-144,3.32567078895221e-141,"PLXDC2"
28.9059571778025,-3.07341099899864,0.556041050656971,-5.52730953113508,3.25178953425554e-08,1.84953437809262e-07,"RASGEF1A"
21.1943070932727,-5.76600242046417,1.13891204009121,-5.06272847901616,4.13298285461282e-07,2.05489377133683e-06,"ANXA8L1"
255.506186117044,-2.57687587504226,0.188371679237658,-13.6797414848713,1.34168842657618e-42,5.42270891487853e-41,"ZNF488"
30.1287588823555,-4.92430937503951,0.77009131987095,-6.39444861664551,1.61127719996334e-10,1.17421742270697e-09,"ANXA8"
10.5791483059431,-2.11823875757796,0.874231988879782,-2.42297100142974,0.0153941554656367,0.0346501836292485,"SYT15B"
11.4346743505252,4.28519826868957,0.97839165983275,4.37983932673966,1.18766846981586e-05,4.8057422442999e-05,"WDFY4"
56.0529988459416,-2.1672946719482,0.364864146002672,-5.94000450768415,2.8501423969247e-09,1.82461123300935e-08,"PCDH15"
463.494989594975,4.06232078312652,0.164744010746563,24.6583822059296,2.99202309201801e-134,9.04880638915308e-132,"EGR2"
433.84530751582,2.05305781626693,0.160941969632241,12.756509821262,2.86764296284168e-37,9.76724761382639e-36,"COL13A1"
660.919385856456,2.64113271041794,0.128623052722076,20.533898508262,1.07217943309041e-93,1.50456795486711e-91,"ADAMTS14"
59.6388440232898,-4.75786073493008,0.528466469890093,-9.00314590615292,2.19340555478128e-19,3.07550174551705e-18,"SNCG"
1086.23377019941,4.53142848070398,0.124683696724951,36.3433921172565,3.34162481650211e-289,5.86154409062635e-286,"ACTA2"
921.069463871972,-2.03265869658284,0.11169039999331,-18.1990457255465,5.25146397792519e-74,4.9259855420741e-72,"HTR7"
12.4779240260826,-6.8711952787091,1.33369117259813,-5.15201376441856,2.57704116048805e-07,1.31330270180479e-06,"RBP4"
103.105005542865,-4.4083895332614,0.38485586476829,-11.4546507844321,2.22859628306525e-30,5.64910511578721e-29,"TLL2"
58.9335332930643,2.1316971016253,0.428482260464218,4.97499499586241,6.52493254738612e-07,3.15213004168824e-06,"PSD"
145.086678568086,-3.35942608010969,0.275199450635979,-12.2072412293925,2.84368754710035e-34,8.49763599040669e-33,"COL17A1"
45.9984851479918,-4.11750656228497,0.515882905896364,-7.98147508906244,1.44594763850057e-15,1.61037254139292e-14,"SORCS1"
569.135533933199,3.89161669471118,0.148460348462087,26.2131723050954,1.8807007118578e-151,7.1716024318908e-149,"PLEKHS1"
21.3825024004607,-2.11853428849015,0.581496797618995,-3.64324325974748,0.00026922417899453,0.000884024957645648,"VWA2"
205.47835196851,2.62378300888351,0.207160736569949,12.6654454522929,9.18972290022273e-37,3.05876526362063e-35,"EMX2OS"
13.4568768085236,3.00914374982484,0.77399628092762,3.88780130340993,0.000101156379459517,0.000356588434907434,"CALY"
299.410389911564,2.70377208966233,0.179806763948013,15.0370988849122,4.19537139043508e-51,2.22329334016984e-49,"IFITM1"
160.388847827565,-2.03081730106628,0.221650456337382,-9.16225183843116,5.08254624032232e-20,7.41705021643043e-19,"PKP3"
55.437409206169,2.48023511057647,0.975075875563651,2.54363293435267,0.0109706303445191,0.0256103043483112,"CARS1"
27.6831001795912,-4.0552128814389,0.687430756093135,-5.89908561043418,3.65521556105951e-09,2.31049139302864e-08,"GALNT18"
22.0633343444562,3.09426365455734,0.629750911747497,4.91347229013304,8.94773838964552e-07,4.26037673976037e-06,"RASSF10"
23.3913612370419,5.35437186873676,0.86919504092124,6.16015004303497,7.26760516504401e-10,4.96035261478743e-09,"SOX6"
1688.51706716572,6.1290480135779,0.145720328689443,42.0603499093118,0,0,"KCNC1"
29.9026891554935,-3.46586285903359,0.594273877853736,-5.83209693071283,5.47351050662484e-09,3.39500876225977e-08,"ANO5"
380.077131670496,3.28094925427667,0.176390835685238,18.6004518972368,3.18610691230451e-77,3.15748595190584e-75,"FIBIN"
26.9401889904415,-2.36520902547172,0.53483246267192,-4.42233632127637,9.76393122176661e-06,4.0072325119562e-05,"BBOX1-AS1"
23.6098298300066,-7.79308585191315,1.26548144364221,-6.15819843986311,7.35771262384989e-10,5.01599833404395e-09,"WT1"
264.676786812463,-2.73180563974684,0.191601347370017,-14.2577579815826,4.01135969558231e-46,1.80882417532672e-44,"EHF"
140.094118027626,-2.17966123332133,0.294863433943766,-7.39210421641167,1.44523176364088e-13,1.37551873933937e-12,"SLC1A2"
1828.20077941094,-2.41792167245498,0.0974173719978384,-24.8202309595113,5.42258718490914e-136,1.69852860375877e-133,"ALX4"
1150.78280291078,-2.2035068010686,0.0970439576291849,-22.706275124191,3.8840275801725e-114,8.73458048510332e-112,"CHST1"
47.1505079406948,2.07187684882814,0.378408468432741,5.47523911769009,4.36921215286023e-08,2.44857349435531e-07,"SLC43A1"
49.5764939157955,2.7942935935248,0.399491906078507,6.9946187920405,2.65981135411648e-12,2.28145481479497e-11,"BEST1"
10.7841092966595,-3.03062803798433,0.906428174992133,-3.34348393132267,0.000827334852378324,0.00247270074042736,"NRXN2"
281.571637666615,2.33804966064651,0.20393772999707,11.464527239173,1.98842448105416e-30,5.04760547354138e-29,"SYT12"
120.852024881772,4.27279601197951,0.3066059531208,13.9357894668668,3.83931470554133e-44,1.62670094806523e-42,"ANO1"
55.8031368924602,-2.76919018974942,0.395541977951376,-7.00100202788042,2.54138265455743e-12,2.18414469101381e-11,"PDE2A"
32.5601988838487,4.60606865592784,0.64536557977216,7.13714644892274,9.52883092236291e-13,8.43741661833255e-12,"NOX4"
69.2962765649884,-4.08923533011979,0.428611531005155,-9.54065636202076,1.41931145031902e-21,2.29669208026255e-20,"MMP7"
14.3457511818017,-2.40354581025159,0.755202061124774,-3.18265260912003,0.00145932588341431,0.00415013542817289,"MMP10"
80.4344917105965,-3.58861433312856,0.359460389424097,-9.9833373542993,1.80298316947525e-23,3.24703570593074e-22,"GRIA4"
378.167429582928,-2.31024504852896,0.151907011655685,-15.2082844850203,3.11602112611103e-52,1.72423112218024e-50,"C11orf87"
70.850966574254,3.86658004000599,0.373499402363403,10.3523058284413,4.0852626548315e-25,8.09712906535585e-24,"ARHGAP20"
4792.44754546904,2.4841859305907,0.0758116039500607,32.7678851410017,1.68907171888227e-235,1.85175043880712e-232,"DRD2"
71.0902355842944,-4.65587330883264,0.487106955271203,-9.55821562071604,1.19804414420685e-21,1.94762672229216e-20,"SCN4B"
59.839029895781,-2.88315684645298,0.370836311992052,-7.77474252983826,7.56010143649446e-15,7.96945548663157e-14,"MPZL3"
13.600654239662,-2.18109268460745,0.723125336648762,-3.01620282690614,0.00255961980236563,0.00693624145732976,"SNORD14C"
158.357751419281,-4.97723948029535,0.645690129527494,-7.70840261092053,1.27402286147845e-14,1.32234526705287e-13,"KIRREL3"
1146.68658625147,-2.20110723937726,0.105039806720769,-20.9549818120718,1.68993552493383e-97,2.55544474507451e-95,"ADAMTS15"
266.46443025332,-2.64468890553539,0.199564134645454,-13.2523256758232,4.37434277194633e-40,1.63953731971604e-38,"B4GALNT3"
1769.41810469261,2.00361467804809,0.100174391151549,20.0012663417831,5.36917596973953e-89,6.82468954240587e-87,"WNT5B"
552.546492669039,2.0699691736119,0.123484248813391,16.763021952217,4.54902998932744e-63,3.33868347459384e-61,"CACNA1C"
1767.92481450592,3.89645528687147,0.246150385422877,15.8295721543458,1.94539482812845e-56,1.23191951914084e-54,"C1S"
2379.89115030464,2.92034957086303,0.111471621667902,26.1981437711868,2.79002030361174e-151,1.04127119458837e-148,"C1R"
97.8438430676587,-7.97735702763914,1.04990152026326,-7.59819551993679,3.00288406695498e-14,3.04120031284395e-13,"MFAP5"
25.3893802304357,-2.17539126157772,0.569998700656288,-3.81648459737366,0.000135366521313407,0.000468059166244523,"STYK1"
3337.20696000998,2.12263232578991,0.130456809567177,16.2707667988529,1.59152181432681e-59,1.07372631327333e-57,"MGP"
447.334273465188,2.16714532039491,0.165105485765589,13.1258226239179,2.3422538749097e-39,8.61330717396037e-38,"PTPRO"
745.718985604644,2.75324376449133,0.134885254336277,20.4117475853019,1.3149793209823e-92,1.80203533354301e-90,"PDE3A"
566.664871729465,-2.23113273086433,0.156181143998525,-14.285544808696,2.69295208204931e-46,1.22375835417687e-44,"PTHLH"
11.7342472093264,2.26393942009478,0.814303174016725,2.78021686803382,0.00543226070347189,0.0136851960085069,"TSPAN11"
12.7515502570151,-3.37906745560227,0.940814629469375,-3.59163999980324,0.000328603571210564,0.00106485040506272,"LRRK2"
1273.03814911515,-4.99213572901605,0.140971223902943,-35.4124451132882,1.09859327802103e-274,1.7518567899788e-271,"CNTN1"
14.4930298982908,3.30329995304144,0.765646278237981,4.31439431880148,1.60041069049275e-05,6.34557050676613e-05,"ADAMTS20"
75.8813715054399,-2.99827620784892,0.342578450462113,-8.75208643101885,2.09443889675604e-18,2.80233048726145e-17,"NELL2"
245.413533834235,2.49776612286019,0.227025769547153,11.002126004649,3.73227211241284e-28,8.63691096620496e-27,"COL2A1"
57.6212909365906,3.44483007559429,0.425285018140998,8.10005038656734,5.49364297620134e-16,6.26146793018503e-15,"KCNH3"
895.722670243431,2.69543696128391,0.126299010329857,21.3417108672839,4.65594377914521e-101,8.08612968613725e-99,"FAIM2"
58.8425579155533,2.85664418415123,0.366687641236334,7.79040213768779,6.67962585681528e-15,7.067428134744e-14,"KRT6B"
1258.72164653118,2.06682038447149,0.122632520868201,16.8537706787648,9.84335973998292e-64,7.3473350297464e-62,"TMT1B"
4754.7533914265,2.47102743006448,0.108442189838982,22.7865873396096,6.22842948910625e-115,1.41886859309627e-112,"LRP1"
102.069723239833,3.85409181704974,0.325663515402469,11.8345827357623,2.58626464626526e-32,7.14419971025811e-31,"INHBE"
856.396448643528,2.05378898457526,0.108601119936308,18.9113057561446,9.20490605061344e-80,9.55403887774026e-78,"PPM1H"
18.7451232841569,-3.91435296078709,0.805057113960901,-4.86220529314793,1.16085134712969e-06,5.44597311580685e-06,"CPM"
17.0558434402879,-2.52071560665924,0.662055010165728,-3.80741111834234,0.000140429185541952,0.000484799910173466,"BEST3"
431.184663720711,-2.81333356634726,0.169536523574911,-16.5942624457801,7.66799569071837e-62,5.46765497605248e-60,"LGR5"
16.5522104415034,-2.90101570268855,0.778736302840855,-3.72528632876823,0.000195093647486821,0.000656714195080852,"TRHDE-AS1"
45.6846998728419,-2.68826254787717,0.43004320371905,-6.25114529105181,4.07453603274611e-10,2.85885746201598e-09,"TRHDE"
14.8484827196583,2.18186855410504,0.687786623461599,3.17230443233077,0.00151234380429829,0.00428839681073331,"PTPRQ"
1356.2828159105,2.30393196384312,0.101578076283065,22.681390002138,6.8394258348629e-114,1.48111566134976e-111,"DUSP6"
19.1451071080985,2.48743681595599,0.642635453825695,3.8706809609522,0.000108531756182218,0.000380674972044049,"LUM"
99.3951631916874,6.02870740132166,0.502183426325653,12.0049907768406,3.34501187026744e-33,9.55616501895133e-32,"DCN"
278.383384436212,-2.58050691051355,0.205147394101178,-12.5787944897845,2.76212683329174e-36,9.05616201547111e-35,"SOCS2-AS1"
489.199897798118,3.28266443725965,0.155189539959364,21.1526140107072,2.61067027877067e-99,4.36131117713489e-97,"TMCC3"
62.3904005655941,-2.39548217348563,0.345349959476447,-6.93639048667385,4.02244796213922e-12,3.390569904079e-11,"ANKS1B"
149.466816572751,2.47356133115258,0.289649700491526,8.53983735165282,1.34410894149378e-17,1.72472676976901e-16,"ALDH1L2"
485.28674184559,2.59924165048478,0.134419043829299,19.3368556748968,2.63032657748956e-83,2.9201619301104e-81,"ABTB3"
19.4192806552247,-3.50351539622045,0.737701951242359,-4.74922885905372,2.04193762623094e-06,9.26957243833252e-06,"CUX2"
79.8248802159253,-2.38060882604516,0.330178510583548,-7.21006591809305,5.59247976924203e-13,5.03065064780895e-12,"ALDH2"
2457.25700785519,-2.75611893864149,0.0829974026851735,-33.2072914268899,8.44880427412455e-242,9.88003171816124e-239,"HSPB8"
64.6097541028774,-2.80843890708456,0.358374844955562,-7.83659608539991,4.62924138813644e-15,4.95433332454553e-14,"BICDL1"
92.8140674275607,-2.10524356687072,0.286024126965344,-7.360370571556,1.83400380663877e-13,1.72772614244096e-12,"HPD"
11.7262441400974,2.64738645096813,0.81500745061146,3.24829723824233,0.00116097920742527,0.00336997125226654,"TMEM132B"
125.879050704373,-3.59466706265308,0.303940585808089,-11.826874167186,2.83503752166606e-32,7.819086976029e-31,"ATP8A2"
50179.781025727,5.32320095036901,0.0930535533688053,57.2057783679815,0,0,"POSTN"
18.6946463450252,6.08880338568927,1.16314149777274,5.23479163743063,1.65171084284749e-07,8.64081714714816e-07,"NRAD1"
38.6547540263104,-2.54246175776414,0.480600302782542,-5.29017926756182,1.22196529890492e-07,6.50713215181883e-07,"SERP2"
14.1721360267016,-2.63148910931153,0.774979441589807,-3.39555989241889,0.000684883878555087,0.00208713483560368,"CPB2-AS1"
187.008939310141,-6.56251815646935,1.71414678584643,-3.82844585461149,0.00012895499263012,0.000447123843788286,"PCDH17"
886.638668887111,-2.29568761290679,0.116303182205923,-19.7388202916246,1.00087617321056e-86,1.18624114555989e-84,"SLAIN1"
103.115513354318,2.17394711991265,0.326193211130557,6.6645995248581,2.65388011578285e-11,2.08845720551579e-10,"SLITRK6"
996.331322118143,-4.0548511681357,0.127063743453052,-31.9119448077169,1.82323744051456e-223,1.52292418781266e-220,"SOX21"
372.505647690555,-2.62529063614425,0.164759464249756,-15.9340809227482,3.6756524860707e-57,2.36170770176433e-55,"SOX21-AS1"
30.00558181616,-6.25528442128702,1.09771181561387,-5.69847598642169,1.20883156256326e-08,7.21228382276263e-08,"SLC15A1"
20.5938690072682,-3.62441705353364,0.755942563727183,-4.79456671372414,1.63026805519687e-06,7.49974612017004e-06,"MCF2L"
56.6540998344987,3.12480092937202,0.399266012776781,7.82636345037214,5.02184194125729e-15,5.35490148885071e-14,"SWINGN"
25.7734109145123,8.35645195666791,1.26186475654636,6.62230394605755,3.5364293988951e-11,2.74844962720509e-10,"TRDC"
19193.0104108935,2.16642917272499,0.0790554097856527,27.4039332488308,2.46195681911664e-165,1.13645222537171e-162,"MMP14"
499.75459429021,-2.60459628108486,0.145543160310812,-17.8956968882815,1.27393165545487e-71,1.12291634011728e-69,"DHRS2"
88.3020494562044,-5.81891514968646,0.566077545418403,-10.2793604812315,8.7304964238214e-25,1.69780086219791e-23,"STXBP6"
22.7264023831983,-2.04143122474739,0.564564154545204,-3.61594197632315,0.000299257407685118,0.000976064371179744,"TTC6"
14.7739901377918,2.58720526671365,0.752537937585821,3.43797320705655,0.000586085685983348,0.00181166061406464,"PTGER2"
772.104937244629,3.49145245569216,0.134758225761859,25.9090117575617,5.27132756483653e-148,1.92634076697495e-145,"BMP4"
16.030815928601,-4.27644689999816,0.951003016342411,-4.4967753272177,6.89918230182171e-06,2.89864806601807e-05,"RGS6"
52.8451735484347,-2.82364030404884,0.424138040431293,-6.65736160137293,2.78786709921793e-11,2.18898732262228e-10,"PAPLN"
787.584168111585,2.10713938113272,0.114576708748689,18.3906433004154,1.56116595903102e-75,1.49641596105809e-73,"PGF"
50.4822348794314,-6.00179097408918,0.80505506965289,-7.45513095977015,8.97786092503187e-14,8.7102134118354e-13,"GALC"
73.4291543661208,-5.20079820837923,0.532329431802683,-9.7698866485124,1.5162161253339e-22,2.59472654190068e-21,"KCNK13"
566.89132569547,2.90212167425579,0.137514153861019,21.10416704588,7.2826602435834e-99,1.20514286162921e-96,"FBLN5"
18.9588004399618,-2.14125683685194,0.887864797463981,-2.41169245922131,0.0158786689446026,0.0356310262194288,"IFI27L2"
114.702293384272,-3.00937415336286,0.622474658247458,-4.8345328014406,1.3345869856322e-06,6.21119403421979e-06,"SERPINA5"
167.694099067996,2.34087469537881,0.204553659494426,11.443817241718,2.52524981047347e-30,6.39183361118544e-29,"SYNE3"
1115.46216494996,2.32740483697589,0.0994180273940676,23.4102898436182,3.357435796477e-121,8.66070313323575e-119,"C14orf132"
169.69909026727,3.15418850629147,0.236667044095989,13.3275358144591,1.60098953147523e-40,6.09174780295162e-39,"BDKRB2"
20.9375233133734,-3.30138730201152,0.670092314934074,-4.92676490751326,8.36022417891297e-07,3.99473419565002e-06,"HHIPL1"
13.8339637498922,-2.05854587675645,0.792182538167279,-2.59857517374583,0.00936115456076473,0.0222709903906651,"NBEAP1"
90.4777572933289,-2.33334329403116,0.298220755441895,-7.82421495302592,5.10834586477592e-15,5.44052791827774e-14,"WHAMMP3"
286.427474745406,-2.38853472662246,0.216954647644452,-11.0093733992591,3.44390541465388e-28,7.98012481881688e-27,"TUBGCP5"
12.5137306596282,-6.88911347383696,1.36257513184195,-5.05595127405867,4.28250673966016e-07,2.12201838193161e-06,"ENTREP2"
28.5902372680289,-4.8191032064307,0.796449409286605,-6.05073360622775,1.44187710095888e-09,9.55134676280959e-09,"LOC100288637"
179.82475682116,2.19383566304202,0.209552378098112,10.4691518318865,1.19710770565601e-25,2.43601696808725e-24,"FMN1"
408.649326602785,-2.58205575656888,0.160201124282229,-16.1175882387694,1.91955715545128e-58,1.2706019646706e-56,"PAK6"
368.176296645011,-2.22038491711953,0.154052678150253,-14.413153628877,4.27725258564737e-47,2.0168625700226e-45,"SPINT1"
30.679065907477,-6.2987237367591,1.12259362001318,-5.61086721362728,2.01315197733676e-08,1.17434981158843e-07,"SEMA6D"
311.435044348896,2.09514091550575,0.168174537987639,12.4581339159661,1.2629122618481e-35,4.04986178886245e-34,"TNFAIP8L3"
674.375623849237,2.61485427703571,0.136060770511002,19.2182821485952,2.6024425636425e-82,2.8005794483959e-80,"CA12"
435.707132901595,-3.06383427453493,0.179735290113435,-17.0463700957185,3.71925506870421e-65,2.8995312515618e-63,"LCTL"
54.9799913261582,2.30420670268266,0.415809300374062,5.54149871253432,2.99893781056479e-08,1.71405565770991e-07,"CELF6"
12.4975862692555,2.35740573106342,0.823192894550373,2.86373430415849,0.0041867903871555,0.0108415249750656,"TBC1D21"
3456.94906932964,2.07543549517641,0.115000863479942,18.0471296681907,8.30985410330654e-73,7.55249486145596e-71,"CEMIP"
66.9233459933931,-2.07197765429585,0.344892288151867,-6.00760795609176,1.88280437741314e-09,1.23140460791215e-08,"SH3GL3"
38.7409689401039,2.08489926068057,0.444198753454483,4.69361799074524,2.68415057705662e-06,1.19864270041116e-05,"AGBL1"
51.218523250595,-4.16857983863014,0.499018644601282,-8.35355529042577,6.62383848741099e-17,8.09916006044757e-16,"ANPEP"
305.90639305074,-4.25571537076478,0.213275729248703,-19.9540537770341,1.38214618015761e-88,1.73173043901033e-86,"ST8SIA2"
35.834732676633,4.7532617351675,0.620334843226762,7.66241294853392,1.82471812127068e-14,1.86849857356737e-13,"MCTP2"
23.294059095052,2.03942905707636,0.5762211504654,3.53931655481434,0.000401164481172793,0.00128035410557714,"RGS11"
10.0560478915593,3.40936673256702,0.954138261976555,3.5732418124647,0.000352588880839745,0.00113711372656922,"NHLRC4"
17.4281956246179,2.63143016703654,0.6935657655266,3.79406005577364,0.000148203803027917,0.000508736381391917,"CLDN9"
167.507168313682,2.23643895431168,0.202679657792485,11.0343533172997,2.6092174398209e-28,6.0862078606248e-27,"SOCS1"
504.31414008329,2.27030291833644,0.136589422513381,16.6213669884579,4.88069500958775e-62,3.49437841482362e-60,"SHISA9"
10.4539480054768,-6.61644642693732,1.36627571641023,-4.84268756845172,1.2809461997398e-06,5.96946793029643e-06,"HS3ST2"
1599.28212068823,3.17486784130917,0.103218328370315,30.758760497639,9.33718930430697e-208,6.55134550347394e-205,"NUPR1"
1553.6071789794,2.5377546771427,0.100933131373763,25.142930201434,1.68862503918101e-139,5.48521700227298e-137,"SEZ6L2"
86.0451259266056,2.79955133820243,0.30916291384529,9.05526249375231,1.36239703916845e-19,1.95084134400439e-18,"IRX6"
466.663276973183,2.16700793247823,0.136740675990672,15.8475736409702,1.46114360556291e-56,9.28620289318082e-55,"BEAN1"
52.2622748475149,-5.23127665061323,0.629799760630254,-8.30625379307573,9.87708600956054e-17,1.18993108306114e-15,"TPPP3"
10.3601529841113,-2.99643133889042,0.886557999380155,-3.37984806519754,0.000725259101934298,0.00220023692615523,"CLEC18A"
458.735370412208,5.66354226355886,0.234983170368863,24.1019059138089,2.38729559698366e-128,6.6469130264588e-126,"ADAMTS18"
25.4651063944919,-2.34989850813868,0.583941146076144,-4.02420436362309,5.71682585632927e-05,0.000209788373108518,"CDYL2"
34.5053290636899,3.21485761296362,0.473879580297042,6.78412353397555,1.16793362292082e-11,9.45832118174245e-11,"BCO1"
11.3965574657412,-2.50796834338436,0.82528905344717,-3.03889689667973,0.00237446102434299,0.00648053848265137,"SLC43A2"
32.9773562852704,-2.90065936731732,0.502861087261149,-5.76831144981981,8.00697290278543e-09,4.86323793932684e-08,"TRPV3"
331.825120567848,-2.00436619109786,0.172006647178363,-11.652841468501,2.21933111813678e-31,5.90732733584783e-30,"CAMKK1"
61.3773408166293,-3.82736075482979,0.438038489716029,-8.73749874653936,2.38328335588462e-18,3.18152004151994e-17,"NLRP1"
382.838953116233,-2.30336173018042,0.161641534830056,-14.2498135309225,4.49479813752106e-46,2.02162190077582e-44,"WSCD1"
17.9205623550706,-7.39533205201693,1.29193739685899,-5.72421858055719,1.0391089589496e-08,6.23785429463892e-08,"GLP2R"
57.2610474007403,-5.1865778873505,0.598935342834493,-8.65966243168211,4.73163362913468e-18,6.24511553714457e-17,"DNAH9"
22.7303829657308,5.26741583367639,0.877310445593062,6.00405006019918,1.92455320097762e-09,1.25683498504648e-08,"MYO15A"
1069.66663833707,4.939562141162,0.147876927450152,33.4031970121038,1.23200160635087e-244,1.54361001264291e-241,"MFAP4"
135.048057692368,2.05332916409269,0.227836057175832,9.01230994577842,2.01761175590861e-19,2.84264480404762e-18,"RNF112"
12.9336958463469,-3.95602704066142,0.981494411504972,-4.0306159610175,5.56308747772992e-05,0.000204360455386095,"NOS2"
16.9980994024827,-2.11028784750899,0.696642404111637,-3.02922680998732,0.00245180537254948,0.0066675085200456,"PYY2"
15.0499575578498,-2.1677984822068,0.712062076811599,-3.0443953593394,0.00233148521973987,0.00638012203423666,"SPAG5-AS1"
184.061035646894,2.16315352172808,0.214568614746015,10.0814069396338,6.67632034116661e-24,1.2366350063823e-22,"EVI2A"
31.0654933500097,-3.2882624477192,0.561026621274242,-5.86115225735754,4.59666251714407e-09,2.87348742741355e-08,"MYO1D"
15.3299216858469,-7.16127261997409,1.31848547622966,-5.43143838068849,5.59016190645418e-08,3.10208889595422e-07,"TMEM98"
83.1975025785884,-2.35540942741121,0.952076419933997,-2.47397097343772,0.0133620552632773,0.0305344830847124,"GGNBP2"
300.066563623191,2.26027541529827,0.568547042620118,3.97552928053572,7.02229028267143e-05,0.000254763172385397,"ACACA"
28.4059205869518,-4.13933314620143,0.66792726084242,-6.19728133416911,5.74467657392548e-10,3.96253919713829e-09,"STAC2"
16.6727144933638,-2.14212817900333,0.71913242722122,-2.97876732840524,0.00289410449711493,0.00776586920359384,"KRT32"
188.969499853603,-4.7169679458938,0.305427812463528,-15.4438062069317,8.30510966521775e-54,4.80791843688398e-52,"KRT13"
2161.03535003437,-2.00927773464768,0.0849946691671802,-23.6400441855422,1.49422402943685e-123,3.91196771647042e-121,"KRT15"
129.855624361684,-3.24717927191555,0.28565136344836,-11.3676309215397,6.06103673557407e-30,1.51448212790178e-28,"KRT19"
37.0943619277255,-3.92238599014408,0.561140364204318,-6.99002645390859,2.74834417202054e-12,2.35279185560821e-11,"KRT16"
32.2853461319672,-2.71862359211878,0.53544154838956,-5.07734896609264,3.827375301683e-07,1.9099854954999e-06,"KRT17"
168.75399493483,-2.0657383671069,0.251951439585312,-8.19895441163944,2.4248685706924e-16,2.83753299523118e-15,"HAP1"
50070.1484665207,-2.55179343197475,0.0780573710837265,-32.6912551184644,2.07923213885244e-234,2.0262117193117e-231,"GFAP"
16.192758972667,-2.00523677244811,0.660193779567487,-3.03734575288153,0.0023867152000445,0.00651195696437713,"ARHGAP27"
1083.5602543833,-4.80326907684749,0.146698289600595,-32.7425022467884,3.8820920839596e-235,4.00563395557267e-232,"NGFR"
11.3879883174264,-6.73334206017063,1.37110139972576,-4.9109001431385,9.06592501163509e-07,4.31547871449365e-06,"DLX4"
43.5030636918304,-2.59815492011735,0.413944511926175,-6.27657776649232,3.46106312695793e-10,2.44899186405684e-09,"TMEM92"
851.422440158651,5.73200155200164,0.177042065883145,32.3764949499911,5.88074232560292e-230,5.42916321754741e-227,"NOG"
53.4390261992154,3.14885900240162,0.387472493850819,8.12666460813078,4.41264131620756e-16,5.08555462073566e-15,"TSPOAP1"
16.4190886267985,-7.26619146683571,1.29992668393282,-5.58969329320364,2.27471030622582e-08,1.32034061818356e-07,"RNF43"
14.5169617363183,3.21498299150056,0.830735627814773,3.87004346973475,0.000108815948966133,0.000381519200642603,"WFDC21P"
149.619293590635,3.37811912805303,0.272192165980721,12.4107874886168,2.2839527708926e-35,7.20554236586818e-34,"FAM20A"
14.5627847278495,-2.03823975096095,0.711075359331546,-2.86641876168655,0.0041514469404974,0.0107611246908918,"PDE6G"
62.790483695523,-2.91519734917318,0.386919293335747,-7.53438094037749,4.90656947903257e-14,4.87903260950739e-13,"COLEC12"
169.608835939225,-4.27876131857632,0.282778151355804,-15.1311595258029,1.00901731108994e-51,5.44589927810111e-50,"EMILIN2"
241.002141520894,-3.33563112913674,0.214606716719171,-15.5429950195905,1.77490903520472e-54,1.0625829142159e-52,"DLGAP1"
1974.45277539035,3.06914109047868,0.126916638912345,24.1823382401293,3.41309308239959e-129,9.65630092876955e-127,"APCDD1"
211.698283422884,2.17862751530618,0.182176363306133,11.9588923379987,5.83348477313396e-33,1.64509897758107e-31,"PIEZO2"
78.8855329959536,2.0453999347908,0.284849570239499,7.18063198435247,6.9389904875767e-13,6.2068756829466e-12,"ANKRD29"
174.307160540556,2.18314095847613,0.204157672854327,10.693406365549,1.09282070228779e-26,2.36073496783621e-25,"LAMA3"
374.771752229346,9.3865760060443,0.734746087671052,12.7752650385621,2.25378666980506e-37,7.70636880605275e-36,"SLC14A1"
11.9433442854273,2.29249993644456,0.746470949207907,3.07111742108272,0.00213259266101489,0.00586329276910066,"SIGLEC15"
11.1320319613859,-4.79582092291082,1.22821356385778,-3.90471255491375,9.43374462318514e-05,0.000334432729254831,"ARK2C"
17.1722465938553,-3.35214791373197,0.724896325296558,-4.62431356975164,3.7584094233941e-06,1.64404637645277e-05,"ZBTB7C"
909.651516057765,2.56007798927874,0.129079774404064,19.8333007715432,1.53620235060652e-87,1.8583810642751e-85,"ATP8B1"
16.8077865816788,2.42127148603508,0.639740808439009,3.78476947866289,0.000153851119697715,0.000526781669064536,"CDH20"
376.600065788887,2.00916031184698,0.154465721380847,13.007159736711,1.11406363800972e-38,3.97999801921152e-37,"BCL2"
57.3972752502558,3.57431540850611,0.435808940064065,8.2015651353565,2.37277267120944e-16,2.77842492828336e-15,"CDH7"
139.17741739066,2.81854076986334,0.2406386850469,11.712750048123,1.09663975750379e-31,2.97773343442321e-30,"SHC2"
15.7872883829962,2.49448375701093,0.708301359826793,3.52178309755176,0.000428654710288838,0.00136239033759313,"GRIN3B"
757.996494374122,2.47122515138587,0.120720807005491,20.4705817719845,3.93890247998852e-93,5.44033766940776e-91,"TLE2"
27.7213350494023,-3.08577390656979,0.569308197389212,-5.42021688906084,5.95267720433862e-08,3.28869010523791e-07,"EBI3"
22.1702753574838,-3.54248744164033,0.680487343781324,-5.20580944526533,1.93152777219795e-07,1.00328482831283e-06,"NRTN"
1031.60333640901,-3.41806067676362,0.126105662701236,-27.1047358504552,8.658798081793e-162,3.79709942881827e-159,"CAPS"
1131.97670721457,2.04114317951638,0.105649567295173,19.3199388485298,3.65082715808991e-83,4.00244744875345e-81,"CTXN1"
59.1569188214519,-7.25001920946157,1.06102157551031,-6.83305540320855,8.31248332988346e-12,6.80715546636255e-11,"COL5A3"
12.3488348716465,-4.94528924088097,1.20383813150449,-4.10793537059722,3.99211771135606e-05,0.000149372305407203,"AP1M2"
141.502520864707,2.90886067183034,0.235622913462184,12.3454066036629,5.15730288227149e-35,1.59548941548367e-33,"ELAVL3"
210.635264154298,2.68681812962483,0.2117575330643,12.6881820483287,6.87633832148144e-37,2.29748286661154e-35,"ACP5"
452.112192102355,2.68456775951661,0.153803625721548,17.4545154376064,3.18065188972903e-68,2.63168937725174e-66,"PODNL1"
189.400246262932,2.4296088236613,0.221912316311963,10.9485082398301,6.75509166759608e-28,1.54486392361542e-26,"NOTCH3"
29.7971815201744,-4.89282081846566,0.772488447508923,-6.33384335292489,2.39128300228201e-10,1.7148607989791e-09,"UCA1"
45.954533562699,2.0886517795097,0.409392667164192,5.10182997164437,3.36384899200107e-07,1.68779391214791e-06,"IQCN"
1077.55347538706,3.01045191431424,0.122276740778682,24.619988193528,7.71757440775132e-134,2.29447411332824e-131,"GDF15"
139.009095567141,-2.39393043243217,0.264881405919949,-9.03774436003883,1.59937882756569e-19,2.27716753363066e-18,"ISYNA1"
309.174664267297,3.2575970667153,0.173884869382837,18.7342180965909,2.60439691033314e-78,2.62550150598584e-76,"ZNF626"
32.5651091675876,3.20065116147756,0.528773488514492,6.05297207783487,1.42197522839395e-09,9.42663170115584e-09,"ZNF208"
152.342592942375,-5.90724055976658,0.45140204005118,-13.0864285839222,3.9368804716807e-39,1.43271411522305e-37,"ZNF536"
13.7798573314351,-7.01251592113473,1.32045129005499,-5.31069640656165,1.09207120860566e-07,5.84203143341013e-07,"HPN"
12.2974590159221,-3.26183630677744,0.842473932886088,-3.8717355866469,0.000108063142362969,0.00037933471686789,"DMKN"
6206.15210348264,2.87277573615524,0.0790074134111695,36.3608377001887,1.77144242359719e-289,3.45254128359093e-286,"BCAM"
16.0251012727428,-2.03909331942193,0.661582466906812,-3.08214534305238,0.00205514464806658,0.00566901907088156,"EML2"
62.1221176002613,-2.8754477825681,0.410610165524714,-7.00286554984239,2.50779473229012e-12,2.15633467642652e-11,"IGFL2-AS1"
167.348034688279,2.69511298624839,0.233458791734497,11.5442771129966,7.89020358272195e-31,2.03532442712538e-29,"C5AR1"
13.6676691261995,-2.62588306376611,0.763151257466383,-3.44084221584577,0.000579906592728332,0.00179624607858867,"LHB"
24.6891096474227,-3.94034110562323,0.742226964745969,-5.30880888566454,1.103439590989e-07,5.90104691022502e-07,"CGB3"
590.058317713556,-8.57542807808882,0.531150114995007,-16.1450178320481,1.23112927615259e-58,8.21111735094777e-57,"CGB5"
127.928387762282,-4.56528053497297,0.348719271570925,-13.0915636362943,3.67954132383717e-39,1.34184686822095e-37,"CGB8"
23.9283039053695,-4.29605619369021,0.753134455382944,-5.70423536326699,1.16866503699994e-08,6.98451564361699e-08,"MYH14"
10.2830296408387,-3.58971243299045,1.0340967713488,-3.47135058579508,0.000517847426467607,0.00162061761064555,"CLEC11A"
14.015822393237,-7.03406178386235,1.33026803678541,-5.28770262033818,1.238621269678e-07,6.59182514909643e-07,"KLK6"
11.8476317952004,2.11427387020381,0.833110812110341,2.53780630315933,0.0111549704675572,0.0259922073553961,"PRKCG"
1385.3687302652,-2.70327782929805,0.122351135361847,-22.0944237362673,3.57603701197949e-108,6.89310606891564e-106,"IL11"
25.2212998078046,2.6909544556497,0.576303350744236,4.66933682092011,3.02173605710494e-06,1.33882980999439e-05,"RSAD2"
939.30131425346,-2.11492297491395,0.118234202767708,-17.8875733536183,1.47388603747957e-71,1.29267174917145e-69,"ID2"
25.0289447871367,3.35915182647814,0.580070013328413,5.79094204026078,6.99927294219304e-09,4.28531402020971e-08,"MIR3681HG"
128.896659700285,2.58432873032566,0.242026624596531,10.6778695717211,1.29202696684965e-26,2.77398347925456e-25,"OSR1"
191.8501476307,3.00076825851788,0.239414297347991,12.5337888829431,4.87755818142906e-36,1.58733298813446e-34,"KCNK3"
37.1453073868723,2.07872097797691,0.487771549440871,4.26166917762984,2.02905662781604e-05,7.91031763634805e-05,"CGREF1"
233.830190114934,2.45814780673955,0.187653760046126,13.0993794429449,3.31960687131975e-39,1.21310883603791e-37,"XDH"
13189.8497880086,2.74194159826794,0.0991360548532968,27.658369120352,2.21351497597299e-168,1.10935046267264e-165,"LTBP1"
13.6513620785066,-5.13424094575529,1.21221010712831,-4.23543816007125,2.2810647493332e-05,8.84051187981743e-05,"LOC100129434"
24.7148091839297,-5.99036415774412,1.11850332252955,-5.35569634625369,8.52275381942589e-08,4.62040203179415e-07,"CCDC85A"
2132.03952529057,7.15034534217444,0.164715595796935,43.4102509090246,0,0,"ACTG2"
119.820057352397,3.75814815454939,0.310915779692762,12.0873509805874,1.23195116606182e-33,3.58369078008134e-32,"TRABD2A"
16.8692204313036,-3.34823348322807,0.768552613215027,-4.35654426991232,1.32131978556026e-05,5.30615163885359e-05,"THNSL2"
14.422321228233,-3.49228050006295,0.839870016641917,-4.15812022201515,3.2087714928106e-05,0.000121934707009079,"MAL"
1185.24521129281,2.13898594125885,0.10244056584643,20.8802628488546,8.09453666622963e-97,1.21355784326781e-94,"NPAS2"
155.766417735235,2.36918476480731,0.215556110353503,10.9910350531096,4.22057884928295e-28,9.71563957943206e-27,"RFX8"
11.6948576898198,2.83876220483759,0.827010099423222,3.43256050538853,0.000597910453536686,0.00184419681123387,"ECRG4"
23.373144413855,2.65472265309897,0.551353655179999,4.81491802613022,1.47260328259885e-06,6.8173486883258e-06,"SULT1C2"
28.8159288995328,-2.23567796634573,0.505244640322367,-4.42494147967462,9.64684303614383e-06,3.96381526579993e-05,"TMEM37"
688.995974607385,2.49804591002442,0.120697713698062,20.6967127502807,3.70816526692266e-95,5.28820544285287e-93,"GYPC"
70.6048614931609,3.29064967176033,0.344323779912595,9.5568469671065,1.2139888671513e-21,1.97172025173157e-20,"LIMS2"
447.379551014016,-2.43609243587688,0.159128543150856,-15.3089595847518,6.66211008755522e-53,3.73354865961042e-51,"ARHGEF4"
18.5738195622547,-4.53773480268269,0.888183540407397,-5.10900573613568,3.23858522518462e-07,1.62867039664459e-06,"THSD7B"
27.1173489540785,4.58220706246823,0.679190025102716,6.74657591117487,1.51374886226505e-11,1.21578153814063e-10,"KCNJ3"
1144.4285643614,3.28596959010935,0.129566901109401,25.3611806871479,6.76512331193118e-142,2.23900052857707e-139,"FAP"
15.0645329369213,3.79447338235037,0.838459282114813,4.52553089135076,6.02440803232302e-06,2.55745743695494e-05,"KCNH7"
209.07902024856,3.42174428393023,0.221594510524251,15.4414668298191,8.61192044433635e-54,4.96913475375342e-52,"SLC38A11"
11.0926986537953,2.19551274813033,0.901838463923971,2.43448559354797,0.0149129734892271,0.0336968269965905,"MAP3K20-AS1"
1091.74397332656,3.38454263366343,0.108007293710348,31.3362414462494,1.49810137927674e-215,1.09492484557889e-212,"CAVIN2"
140269.452197436,3.2350967345004,0.100698820997682,32.1264608904891,1.88334305579654e-226,1.65178602708635e-223,"FN1"
10.6315949613073,-2.33209503706755,0.902142540304986,-2.58506270669726,0.00973612884871039,0.0230318861949061,"CRYBA2"
12685.1567386425,2.40356176269937,0.0870432541483094,27.6134180209306,7.67883509004717e-168,3.74151239762548e-165,"SERPINE2"
2838.01066030521,2.40562887118572,0.0912617606693869,26.3596587830534,3.97749997563043e-153,1.55042949050074e-150,"DNER"
447.432447756826,-2.00989756504804,0.133810185788944,-15.0205124759202,5.38894624322623e-51,2.8301648518692e-49,"SLC16A14"
191.62908502136,-2.92328051661177,0.229610346083394,-12.7314843014523,3.95252975085097e-37,1.33586366781651e-35,"ACKR3"
288.8108228214,3.94473865438472,0.196550129756796,20.0698857806189,1.3531516564012e-89,1.7581950522173e-87,"SNED1"
12.7377979060849,-2.4754081360236,0.767917447209318,-3.22353417677832,0.00126619187960392,0.00364820495402963,"SLC52A3"
11.6788135826801,-2.6934680880285,0.813657653671391,-3.31032108636232,0.000931890055887459,0.00275979798587235,"CPXM1"
38.3450146754348,5.72048992305344,0.760915253782146,7.51790675061332,5.56601765925108e-14,5.50979208583088e-13,"PRND"
54.9869121742848,2.90492377224868,0.379999791488467,7.64454043743033,2.0969290434719e-14,2.13974591922866e-13,"LAMP5"
17.2514813215422,4.90602744880799,0.91454265411667,5.36445995900168,8.11917675443345e-08,4.40787618228156e-07,"SNAP25-AS1"
398.570351503795,3.56808156571785,0.169305720824398,21.0747844097875,1.35521830576038e-98,2.18090681663695e-96,"SNAP25"
144.873557732694,-2.97775036635642,0.263310229249974,-11.3089049933168,1.18559875258209e-29,2.92086906166325e-28,"SYNDIG1"
60.9338830881152,2.41141215203847,0.346882697111247,6.95166456015281,3.61000973269713e-12,3.06204935789364e-11,"GDF5"
136.871572124312,-2.09980393484769,0.232077446376627,-9.04785866800697,1.45799319797806e-19,2.08262692880563e-18,"ADA"
277.488084637181,2.58616262802935,0.180322049231773,14.3419101493533,1.19714502012968e-46,5.58487255268478e-45,"SLPI"
39.8093229479176,-3.47324710853594,0.510280328012654,-6.8065471425538,9.99689821000249e-12,8.14470931266389e-11,"MMP9"
31.4825471404327,-3.09190715710564,0.52275680974211,-5.91461861325338,3.3264545080874e-09,2.11334076517063e-08,"SNAI1"
41.4950631327168,-8.60532841514109,1.24100837152706,-6.93414211586041,4.08693641741959e-12,3.44327337646287e-11,"BMP7"
175.752946891196,-5.64442403193078,0.392670914558798,-14.3744388052596,7.4874515775367e-47,3.51169486956073e-45,"PCK1"
1148.31695810597,-2.1937150936878,0.0994918137162858,-22.0492019568913,9.72230159750303e-108,1.85368361219348e-105,"COL9A3"
620.873573064029,3.27680550476823,0.141882416881737,23.0952191031503,5.17161584236198e-118,1.24267552727221e-115,"STMN3"
299.948128162845,-2.40138901291266,0.176295925964978,-13.6213528461781,2.98977571510325e-42,1.19461630566346e-40,"SOX18"
154.364792977971,2.23152278996756,0.210189282487785,10.6167296617383,2.49136914513571e-26,5.24623123347246e-25,"LOC102723996"
220.968607945412,2.17932702390028,0.274553436143959,7.93771534790615,2.05939290507226e-15,2.26623657138472e-14,"LOC102724560"
12.8176900546814,-2.47664358268872,0.77258295931005,-3.20566685149317,0.00134749899100433,0.00386027760921231,"LOC102724843"
1837.8799437587,2.63974583275873,0.116264243466687,22.7047091526046,4.02488971607949e-114,8.85407847803272e-112,"NCAM2"
785.324223890501,2.30900703278178,0.130525274773977,17.6901143229169,4.99739333036693e-70,4.29702335333168e-68,"JAM2"
74.8099557927178,2.44348558567661,0.309954091125971,7.88337904107074,3.18644609777654e-15,3.4544778121816e-14,"MAP3K7CL"
14.5368971778946,-2.34980025244818,0.83689577392214,-2.80775734048192,0.00498878026651506,0.0126989108481992,"TCP10L"
65.6097868941465,-3.85222868159397,0.41286889923235,-9.33039201731215,1.0548004626409e-20,1.60331498398475e-19,"TMPRSS2"
160.66233062039,-2.9422102829633,0.234801326197387,-12.5306374142449,5.07531181294911e-36,1.6486304539063e-34,"SLC37A1"
49.9525525816961,-2.25402574629404,0.380909678506966,-5.91748089764755,3.26909814546287e-09,2.07916064429167e-08,"PDE9A"
46.3759177224327,2.24840284163924,0.433353648258919,5.18837870795049,2.12132860706162e-07,1.09570745278174e-06,"ICOSLG"
88.6386511083222,-2.60370973740191,0.346602259424406,-7.51209683896991,5.81877182688875e-14,5.74378596597949e-13,"S100B"
26.5713409216844,-3.04651869082151,0.566258866930869,-5.38008121150259,7.44522443761485e-08,4.06336906845682e-07,"CECR2"
114.042121383428,2.10710469332203,0.272675529464914,7.7275166475588,1.09664826286008e-14,1.14365678827757e-13,"SUSD2"
283.116748106479,4.75599403476532,0.224727546254091,21.1633781173755,2.07789128192026e-99,3.50464336309263e-97,"GGT5"
30.7855552137853,3.33586150633665,0.537176997364989,6.20998576391027,5.29894015901409e-10,3.67096008409424e-09,"POM121L9P"
115.415613304624,-2.84048106604033,0.309515131122349,-9.1771961381672,4.42461893709908e-20,6.46768673130458e-19,"CABP7"
3467.20450734439,3.09035344749264,0.10869847717376,28.4305128079443,8.48779802542251e-178,4.96281550546454e-175,"TIMP3"
141.650152445635,2.44339490851692,0.225537553456796,10.8336499667891,2.3845666388594e-27,5.30808165129858e-26,"LARGE1"
104.929163790097,2.11654529476131,0.267940904686931,7.89929890411595,2.80476547674049e-15,3.05011724907036e-14,"RASD2"
197.72927118609,-3.61439850303414,0.257174405803358,-14.0542698708432,7.25260412617325e-45,3.12574764071757e-43,"RAC2"
124.229030153321,-2.07057876757774,0.285838899824753,-7.24386627868777,4.3607138265415e-13,3.96739010536123e-12,"CSDC2"
43.2018930716482,-3.27766710659362,0.464291104228979,-7.05950873652134,1.67092272386704e-12,1.45313116010668e-11,"PARVB"
6011.16598293016,-2.58598539978209,0.0898481361296205,-28.781736730202,3.6312116577947e-182,2.27482441747774e-179,"FBLN1"
828.311534679595,2.17125490506423,0.108220339345487,20.0632794001193,1.54547532931409e-89,1.99332226113959e-87,"WNT7B"
15.8164289857327,-6.2288494273679,1.3043064661362,-4.77560265864499,1.79169858967862e-06,8.184423167071e-06,"MIR3667HG"
967.968863727015,2.61366597859242,0.119880116366253,21.8023310104843,2.20497236604184e-105,4.02889794507708e-103,"MLC1"
25.29688544542,2.20825948009185,0.5003167250692,4.41372308668358,1.01607910510322e-05,4.15746293039785e-05,"ACVR2B-AS1"
2146.3789819473,2.34212685588511,0.0875111239495374,26.7637615674515,8.53987783469384e-158,3.56661897853249e-155,"TMEM158"
31.0995067906183,-3.91036933480867,0.616447089034133,-6.34339816728724,2.24751553523674e-10,1.6157241804749e-09,"CACNA1D"
15.9739568393338,-2.11665788842213,0.714816584670416,-2.96112028430072,0.0030652220202845,0.00818372290073217,"ERC2"
7773.6123540633,2.3079398338845,0.0829020953237255,27.8393425989077,1.4498207476576e-170,7.47979580431233e-168,"IL17RD"
1118.34221261915,5.06472602478446,0.1337639172561,37.8631706418086,0,0,"CADPS"
1353.75625369274,2.10937406281974,0.0978356314905938,21.5603868517222,4.23056332158721e-103,7.57227665550624e-101,"BOC"
310.635559569039,-3.27537190324747,0.194390545139714,-16.8494403927586,1.05912114474809e-63,7.87205254238402e-62,"GAP43"
206.545580991258,-3.17271854139718,0.248170442869133,-12.7844335720118,2.00316894039621e-37,6.87623999676907e-36,"LSAMP"
14.0493742129551,-3.48050937995078,0.820384346921548,-4.24253509103534,2.21008970341173e-05,8.5787084504415e-05,"PARP15"
22.9454136652568,-2.46924744070416,0.5768977350958,-4.28021690931775,1.86711248318183e-05,7.32357336035161e-05,"SEMA5B"
17.5879704303359,-2.4396517622036,0.689936231906072,-3.53605398496558,0.000406151686414716,0.00129532849661828,"ROPN1"
100.865147675807,-4.03299225505491,0.356259815414925,-11.3203681149327,1.040341461665e-29,2.57385466559461e-28,"CPNE4"
44.7132850339676,-2.97098757193249,0.436715439965362,-6.80302847128128,1.02442392283245e-11,8.33461040371244e-11,"EPHB1"
55.2650836954061,-4.77875127443797,0.55971303770997,-8.53785949669839,1.36731036524051e-17,1.75321572490378e-16,"FOXL2"
51.6082685579757,-3.53861646304139,0.475337027857326,-7.44443680096286,9.73588670020044e-14,9.40921149356562e-13,"FOXL2NB"
495.11976581082,2.30330004867841,0.138496517572899,16.6307434225995,4.17383203168058e-62,3.01288838138721e-60,"PTX3"
10.7171327555384,5.18368642626637,1.22821418878143,4.22050687381275,2.43753624045845e-05,9.39916975024876e-05,"IQCJ"
10.4691063830433,-2.32956036345003,0.882110319736511,-2.64089458124226,0.0082687443584612,0.0199644934331408,"SPTSSB"
252.720246289496,2.50561319982001,0.204596501006167,12.246608263083,1.75169848612215e-34,5.29767985259805e-33,"SERPINI1"
1186.39432392856,-3.73985252552668,0.133183820223064,-28.0803818306379,1.70092540511235e-173,9.32372891596115e-171,"SOX2-OT"
490.622228360485,-2.23426203769426,0.139850566428411,-15.9760671318981,1.87615850987477e-57,1.20991530962181e-55,"DGKG"
52.3250734596691,-8.93648861361471,1.23079779632272,-7.26072848059564,3.85011104968556e-13,3.52478068489219e-12,"RPL39L"
17.4088716624607,4.02893416328318,1.68739292659673,2.38766804090442,0.0169556493113972,0.0377483239714707,"TP63"
55.7770276999343,2.1769193549648,0.347534013333773,6.26390301795892,3.75459037098056e-10,2.64388878752991e-09,"SPON2"
20.9724618706283,-2.379525945206,0.68679822295071,-3.46466526221163,0.000530891835228142,0.00165699148385073,"NSG1"
30.5141976507366,-6.29010084950936,1.10276805920279,-5.70392005555235,1.17083006223939e-08,6.99507156735053e-08,"PPP2R2C"
930.363521373442,2.17203882621825,0.116814553747102,18.5939059521694,3.5998272520248e-77,3.54744774313297e-75,"SORCS2"
12.4635222165929,2.82015579492046,0.751694223241826,3.75173269625246,0.000175616649649613,0.000594804335104048,"CPZ"
251.373290811923,-11.205846468747,1.18834828999028,-9.42976614106851,4.11004297366471e-21,6.40837900453801e-20,"ZNF518B"
114.752726389345,3.24623502224362,0.291598755712525,11.1325407212778,8.7116417374177e-29,2.05944619563401e-27,"LDB2"
12.6407717084423,-2.63958768329442,0.786474450240519,-3.35622814255083,0.000790133596906481,0.00237324202454394,"NWD2"
86.558113129626,-2.45375518357699,0.297381413919584,-8.2512055855667,1.56804530645998e-16,1.8597080947001e-15,"C4orf19"
26.2224288916507,2.70507754945911,0.574281197244428,4.71037109074593,2.47266156817637e-06,1.11070311312117e-05,"KLF3-AS1"
275.343729466343,2.74757258281824,0.199967616397418,13.7400876817858,5.84050176460295e-43,2.37148707066899e-41,"CHRNA9"
376.230003752505,-2.54087711191184,0.215668751630398,-11.7813873948057,4.86850556124856e-32,1.33435087577908e-30,"PDGFRA"
23.6062488665504,-2.1318893958214,0.565139418203212,-3.7723247169689,0.00016173358180402,0.000551724768266106,"AFP"
69.9741709629697,4.57641435609895,0.468792691754823,9.76212819992595,1.63683662667463e-22,2.79025765485905e-21,"RASSF6"
25.5238368747826,4.2161325787199,0.695508842669883,6.06193957582944,1.34489743348274e-09,8.93931257321741e-09,"EREG"
443.945049559502,-2.11635358293039,0.16058568279792,-13.1789680503062,1.15966210943567e-39,4.30966802152779e-38,"PARM1"
382.198635601198,3.3578023559668,0.172010615182466,19.5209019652939,7.29392473023995e-85,8.36227017602216e-83,"ARHGAP24"
1625.21168886025,4.70346763075727,0.282632074162022,16.6416626446331,3.47824716302683e-62,2.521154276308e-60,"DDIT4L"
2380.41368883461,3.07556627562661,0.113267415326777,27.1531425587278,2.32465995693736e-162,1.04556052063175e-159,"NPNT"
78.8561960470132,3.90729159967111,0.382994246369341,10.2019590025462,1.94312968568797e-24,3.71290172294691e-23,"DKK2"
20.0491310215467,-2.54557401243341,0.61805251038792,-4.11870184110357,3.81012752858123e-05,0.000142837031371753,"NDST4"
212.279430919888,2.34214249873856,0.18817738312964,12.4464612047719,1.46184322429018e-35,4.6622167267771e-34,"NDST3"
2840.78972034584,3.82611294821705,0.109678347625772,34.884852215972,1.2617675739826e-266,1.70251269347914e-263,"PDE5A"
447.517433478447,3.25441546910786,0.164346104495671,19.8022063199775,2.84936645363397e-87,3.42333814816394e-85,"SPRY1"
2906.84335823319,-6.78032627661992,0.152343574733219,-44.5068083015217,0,0,"PCDH10"
1074.39581228671,2.84594785350449,0.110321130283306,25.7969424913982,9.5959709948594e-147,3.43516178001691e-144,"NR3C2"
116.941442136308,2.79401777759108,0.265807386420486,10.511437681311,7.65180565266488e-26,1.57535590320886e-24,"DCHS2"
4774.87796458678,-2.06037648815934,0.0950172003947074,-21.6842474794081,2.88943891454414e-104,5.2251183505174e-102,"NPY1R"
51.3336804894653,2.26540133131602,0.375985278270636,6.02523945016106,1.68859438782339e-09,1.10934959388802e-08,"SPOCK3"
16.1166992436582,-5.34130040044694,1.17980080845924,-4.52728999857391,5.97449249214391e-06,2.53872511639284e-05,"UBE2QL1"
36.0259437537945,-5.94477964889592,0.912810073424664,-6.51261398397194,7.38541312519211e-11,5.55759466447854e-10,"MIR4458HG"
1966.95329211389,2.79387192209287,0.0880642056466343,31.7253974140587,6.93780216434914e-221,5.5316358074931e-218,"SEMA5A"
1175.23407644615,-2.39012106020018,0.113281330837346,-21.0989846476294,8.12623312003911e-99,1.33217060895893e-96,"CTNND2"
1289.03704543996,-8.70471760955559,0.374762911562053,-23.2272654016732,2.41508343677978e-119,5.96661669923299e-117,"BASP1"
3827.15678696563,2.05217930891954,0.0865513809209574,23.7105322535949,2.80779657065236e-124,7.46235752209289e-122,"CDH6"
32.416776826763,3.8235940403628,0.552039422213323,6.92630614138506,4.31971136218103e-12,3.63589524971293e-11,"RANBP3L"
209.536474678477,-3.0499921858122,0.220140129661899,-13.8547760033416,1.19027597445296e-43,4.97110258759034e-42,"CARD6"
25.4215395447447,-4.66166919176045,0.791604308724041,-5.88888809773462,3.88802586746046e-09,2.4497076774829e-08,"FLJ32255"
67.3550643855117,-2.0595684905051,0.369392236595481,-5.57555976131823,2.46735183575033e-08,1.42414671111867e-07,"ANXA2R-OT1"
26.5311129479149,-2.78622513532527,0.612089927588657,-4.55198657867427,5.31417264505942e-06,2.27466818855508e-05,"ANXA2R"
45.9891469437457,-3.78038179918023,0.501329666197172,-7.54071034306876,4.67418300223957e-14,4.65851386603888e-13,"PARP8"
646.547730013831,2.9216149126674,0.144991438849471,20.1502580831727,2.67714690465648e-90,3.53081457553228e-88,"FST"
15.4789237144311,7.61739368660864,1.32507652699935,5.74864434725014,8.99618245518234e-09,5.43208387078669e-08,"ESM1"
82.8641092144033,2.01025232987097,0.298810291818275,6.72752038639127,1.7257866149393e-11,1.38165326392744e-10,"CD180"
84.2283830432403,-2.15657225031223,0.788853231825523,-2.73380669978571,0.00626067865652265,0.015513287796873,"RAD17"
27.9774666724221,-3.7620455898721,0.612417700145231,-6.14294065795281,8.10075536469164e-10,5.49479311106172e-09,"GTF2H2"
22.5292726967846,-2.64176768379124,0.609955268316499,-4.33108429587407,1.48376860145287e-05,5.91114808950371e-05,"S100Z"
39.9318021328077,-2.23975936526776,0.425371241788001,-5.26542263612644,1.39867211148436e-07,7.38756624737945e-07,"THBS4"
803.009579321666,-3.34314188278129,0.164450218007117,-20.329203106539,7.09453009721422e-92,9.49962995688813e-90,"ERAP2"
79.9922637177833,-3.53119752936873,0.37557065126601,-9.40221904311593,5.34242552309235e-21,8.25651859916854e-20,"ST8SIA4"
118.129292138018,-10.1149073044092,1.19763598175701,-8.44572763217246,3.02157437396071e-17,3.77503106080091e-16,"CDO1"
579.649179058415,2.4973556202324,0.129406640056685,19.2985121871525,5.52779931536348e-83,6.02255452116713e-81,"SNCAIP"
2150.62358625705,2.32590818839026,0.108423304944008,21.452105611348,4.36442489285511e-102,7.73296737834055e-100,"FBN2"
26.8864657905762,3.97166177409029,0.607117213433831,6.54183687467321,6.0767766838527e-11,4.61840293810486e-10,"CSF2"
14.0397898675916,-4.11205355612554,0.941726864076658,-4.36650340240354,1.26251322190204e-05,5.09331748513885e-05,"NME5"
16.8650624156435,-2.02400018849287,0.649897868014046,-3.11433578737194,0.00184359546796911,0.00513391143096462,"LRRTM2"
54.1474082422493,-3.85580463235523,0.470119046409726,-8.20176221704227,2.36888508005166e-16,2.7757256639403e-15,"TMCO6"
28.7385376924324,2.07069559842996,0.515023521892452,4.0205845178123,5.80539161507838e-05,0.000212860314214235,"PCDHB6"
20.6489547573087,2.00011277587381,0.596574749078388,3.35266080061829,0.000800387324097352,0.00240075137687956,"PCDHB8"
54.153984058781,2.91543967917197,0.400492702239438,7.27963246987945,3.34730839555299e-13,3.07409091970654e-12,"PCDHB11"
180.047768057737,2.22180203781791,0.23570516542992,9.42619154639825,4.25249448108354e-21,6.61872277663588e-20,"PCDHGB1"
70.8679857699797,-2.12366471784198,0.367507104632647,-5.77856779113089,7.53391876071384e-09,4.582263140835e-08,"PCDHGC5"
1112.58957066257,2.67759303631243,0.109709244379361,24.4062663220397,1.46730328670919e-131,4.21933884461737e-129,"PCDH1"
1383.13103866947,-2.21238403232463,0.099074116933616,-22.3305955258428,1.86426604840721e-110,3.71603304035351e-108,"PPP2R2B"
605.460907924737,-5.63588715796538,0.213586265582527,-26.3869361758552,1.93523226392633e-153,7.71497935034814e-151,"JAKMIP2-AS1"
41.9686602422474,3.64801397269496,0.495178826850482,7.36706372503377,1.74427119940712e-13,1.64673095311089e-12,"SPINK5"
127.353744685856,-2.45428089634888,0.245664094513692,-9.99039318793123,1.67914367057532e-23,3.03648032222285e-22,"CSF1R"
377.823443973089,-2.0291278208459,0.187705748818865,-10.8101527716341,3.08156445567946e-27,6.83359318799917e-26,"GPX3"
92.354950861225,-2.77904544792828,0.306781737431592,-9.05870561655573,1.3200768523157e-19,1.89333344778984e-18,"FAT2"
179.424041586535,2.51737636611793,0.210944811296015,11.93381506116,7.88740586577883e-33,2.21011160210266e-31,"FAXDC2"
24.2528251437967,-7.8305542343624,1.26612469543577,-6.18466274498131,6.2235378191298e-10,4.2810618386414e-09,"SGCD"
596.941098583088,-2.03330908981809,0.132537228661875,-15.3414184855593,4.0426366972381e-53,2.28012509023323e-51,"SLIT3"
448.178890291014,2.56584802872967,0.146747706859612,17.4847572315683,1.87208556806391e-68,1.57120827509134e-66,"FGF18"
18.3256640270822,-2.42375519294524,0.629142191897351,-3.85247599693758,0.000116929441888246,0.000407522221371294,"DRD1"
11.4684258730328,3.06290781696027,0.897604410931557,3.41231368703001,0.000644139426664157,0.00197290897208241,"F13A1"
411.796266276526,-2.49805318385188,0.148954933563558,-16.7705300125959,4.00916660773695e-63,2.95482317085352e-61,"RNF144B"
991.781399058492,-2.9623370030654,0.109484120292185,-27.0572298079363,3.14008736367285e-161,1.34342127917525e-158,"RIPOR2"
38.829437115284,-2.34426454024391,0.424664113469644,-5.52027935935181,3.38461138601163e-08,1.92134201689418e-07,"H2BC11"
18.4940033838378,-7.43926676190288,1.2854009484804,-5.78750682477525,7.14387858937722e-09,4.36927386109713e-08,"PRSS16"
59.4721689985262,4.47376445739045,1.12845823704569,3.96449271273237,7.35521935615927e-05,0.000266016294281216,"C4B"
109.020797379461,2.2948290311279,0.265062264685896,8.65769797087986,4.81387007700179e-18,6.34887932486379e-17,"CPNE5"
13.3542094725635,-6.96302484853572,1.33310684628379,-5.22315586927339,1.75899204621998e-07,9.17741804959689e-07,"KCNK5"
14.9752980229009,-2.36625520895191,0.747712013033425,-3.16466121675931,0.0015526361946076,0.00439129175904739,"TTBK1"
14.3821236509314,3.25808940945151,0.796291686287364,4.09157782952883,4.28448103011435e-05,0.000159800301401735,"TMEM151B"
41.0872713625882,3.40386042366379,0.476672658968642,7.14087615393884,9.27378801833407e-13,8.21988456945922e-12,"CLIC5"
787.728026410608,-3.03962156590279,0.130356967365456,-23.3176762802498,2.93399131202043e-120,7.3521630863072e-118,"RCAN2"
12.4433238256276,7.30689795580399,1.34568765346215,5.42986177884964,5.63977148811626e-08,3.12862845265804e-07,"ADGRF1"
380.063502765574,2.43202334223759,0.201860076070189,12.0480651230506,1.98556139845289e-33,5.73784719773677e-32,"PTCHD4"
44609.4085294385,2.07278353188096,0.0997989765426463,20.7695870607973,8.15563907904201e-96,1.20216861416366e-93,"COL12A1"
410.482391861547,-3.63022156465981,0.215173074820357,-16.8711701856312,7.33291930696504e-64,5.49686912664418e-62,"PRSS35"
32.7650389093386,-2.61831399184658,0.494226622038023,-5.29780039175054,1.17205988786268e-07,6.24896732310008e-07,"CFAP206"
678.879071041404,-3.77127297492794,0.164888682942509,-22.8716301666553,8.90440699165763e-116,2.08256270720889e-113,"CNR1"
11.6552324698366,-3.17714549009677,0.853534660994866,-3.72233915655346,0.000197385645772976,0.000664174489258348,"MDN1-AS1"
2434.32490543415,-2.66587971070603,0.0945039650756056,-28.2091836948138,4.51171447045038e-175,2.55290269439258e-172,"POU3F2"
251.55508308955,-2.954732678382,0.211417510019132,-13.9758181718942,2.18982494991311e-44,9.30065846160433e-43,"GRIK2"
268.271727014814,-2.25548242947977,0.22412643070335,-10.0634379550937,8.01495057848145e-24,1.4675391241873e-22,"ROS1"
457.280315256118,2.22695889328268,0.13872509128802,16.0530360629504,5.44348287100333e-58,3.56284078508468e-56,"PKIB"
85.9902778560526,-2.84639464400193,0.328919411779036,-8.65377518647061,4.98233062200618e-18,6.56119079884463e-17,"HEY2"
111.454059859413,2.09396258278586,0.674586200063611,3.10406969871072,0.00190878358760644,0.00529526694768377,"PTPRK"
40.3123463084906,-2.06650974922202,0.435878950852157,-4.74101753521691,2.12647525376685e-06,9.63837271998044e-06,"RAET1L"
82.3251235773275,-2.7666935488294,0.315410018492382,-8.77173642756761,1.75931836820391e-18,2.36476655146857e-17,"IPCEF1"
4543.79207600284,2.0671286603961,0.0830574199050709,24.8879469499377,1.0048497219998e-136,3.20473981338153e-134,"ETV1"
13881.6503729787,2.31331114453744,0.119596561432239,19.342622537255,2.3520370567826e-83,2.62783961866392e-81,"GPNMB"
105.480819114383,-2.01854557106058,0.269217317984734,-7.49782958306954,6.48831781085121e-14,6.37957302242943e-13,"AQP1"
178.917791831755,-2.33032203257028,0.22486308715084,-10.3632928912298,3.64203426854337e-25,7.25141011402034e-24,"HECW1"
146.568059403271,-3.30196371349251,0.266147283940993,-12.4065279367066,2.40873541807617e-35,7.58557055089301e-34,"ADCY1"
207.499388511428,-5.3344857965772,0.331612224218851,-16.0865173445978,3.17184902870913e-58,2.0916317222777e-56,"COBL"
22.4044110968461,-2.87958616740577,0.642386735382267,-4.48263640701143,7.37264857341125e-06,3.0850102248618e-05,"TMEM270"
34.5461340105531,-3.14910284967708,0.510828643274485,-6.16469513042746,7.06190650337923e-10,4.83312141926551e-09,"ELN"
147.901155809862,3.08439302821924,0.24708060339719,12.4833474817972,9.20343706468483e-36,2.9567305778688e-34,"SEMA3E"
12.9164421174264,-2.22730209251491,0.810828049422456,-2.74694751137604,0.00601527603904558,0.0149792670359027,"ABCB4"
96.0637056692293,2.3580011749493,0.286971496015564,8.21684804131704,2.0892152345029e-16,2.46117692601849e-15,"STEAP1"
18.7343780942558,-2.04597251523135,0.594999281532797,-3.43861342144927,0.000584701542556923,0.00180822456946244,"PIK3CG"
958.586228470441,2.9219154983618,0.131334060124132,22.2479644320758,1.18029259232679e-109,2.32623734404542e-107,"CTTNBP2"
252.5435505007,2.10008887748684,0.173202688300287,12.1250362687549,7.78257396627496e-34,2.27903388885524e-32,"CPED1"
340.183946828708,-2.16433702618661,0.226421331123222,-9.55889189172173,1.19024229346866e-21,1.9367384109215e-20,"PTPRZ1"
35.8996273784981,-3.53303077841363,0.534552831972904,-6.60932010288688,3.86089075653371e-11,2.98737912485037e-10,"FEZF1"
27.6900582805893,-3.90676688658599,0.633009474011753,-6.17173525354449,6.75445344688316e-10,4.62811984030381e-09,"FEZF1-AS1"
123.032471329919,-4.25122534152216,0.355134349740562,-11.9707523212773,5.056801205248e-33,1.42836312304759e-31,"FLNC"
879.445562521496,2.22837556482878,0.111840933035174,19.9245079985871,2.4948621953316e-88,3.10371473534125e-86,"PLXNA4"
20.2299800044746,2.01937826451472,0.571160873823911,3.5355682734271,0.000406899085112093,0.00129747625012747,"FAM180A"
101.014198976822,-2.80210796164284,0.295999291111884,-9.46660362299203,2.89090635867878e-21,4.58908492647823e-20,"TBXAS1"
15.7848889263402,-7.21588609796296,1.30803471370179,-5.51658608321006,3.45648219506308e-08,1.96023776862597e-07,"ARHGEF34P"
33.6486396043658,-7.3341944389333,1.23827566348818,-5.92290929652377,3.16295320534066e-09,2.01603786972676e-08,"ARHGEF5"
70.3564607030997,2.29168255623109,0.32619821116756,7.02542956329674,2.13408650840933e-12,1.84403997261123e-11,"RARRES2"
12.5461204807386,-2.82282364001805,0.79932357953533,-3.53151553674801,0.000413185588182644,0.0013156087134347,"MNX1"
15.6832845852216,-5.30055322924167,1.16122398134845,-4.56462604491384,5.00385488714298e-06,2.14813065529552e-05,"NPM2"
169.998574333695,2.145941815478,0.252695300116976,8.49221103235644,2.02742434558388e-17,2.56217942693710e-16,"EGR3"
12002.3264447689,-3.48179944299086,0.0743039739443194,-46.8588590645231,0,0,"NEFL"
1532.94341303756,2.09291267418502,0.0926955363697053,22.5783544294698,7.07336280579933e-113,1.49486574670513e-110,"ADGRA2"
245.634934531968,2.26089194922845,0.17707300838999,12.7681342841875,2.47004235671823e-37,8.42937995704171e-36,"RAB11FIP1"
79.5588305049437,2.1525357335568,0.310859201602224,6.92447166582891,4.37605612270819e-12,3.67978909148727e-11,"IDO1"
97.5198547295561,-3.40408212554291,0.329931072735984,-10.3175554133603,5.86986349121321e-25,1.15300420492017e-23,"CA8"
13.9500962787663,-5.11111663602424,1.2087056064306,-4.22858685260652,2.35163733494042e-05,9.0959361614531e-05,"NKAIN3"
10.4016712324843,-2.15514473454686,0.848253383594254,-2.54068510215072,0.011063551349237,0.0258110264085794,"TTPA"
46.9891004767937,2.66849707352677,0.409906371086766,6.51001609575355,7.51427530100687e-11,5.6472966176076e-10,"ADHFE1"
291.927011315393,-2.83839700086203,0.195423704419364,-14.5243229796271,8.49777183110903e-48,4.10631999144583e-46,"CPA6"
957.606411503558,-2.63668414190099,0.372030755164823,-7.08727465484096,1.36778763444977e-12,1.19543412535543e-11,"PI15"
41.2579098196402,5.35915645368812,0.660228002762045,8.11712988735442,4.77337815366558e-16,5.46896317396786e-15,"STMN2"
41.3185724056485,-4.67063669264807,0.624565662986932,-7.47821561356919,7.53385214022167e-14,7.36218943685952e-13,"CALB1"
260.395551494912,2.10684489075331,0.199013281869185,10.5864536827154,3.44392939996082e-26,7.217439140348e-25,"GDF6"
477.632752929438,3.29057848531554,0.168275938175821,19.5546583842392,3.76518676157523e-85,4.34507506478889e-83,"BAALC"
36.5591231108283,2.68752932528522,0.498298531133764,5.39341209609902,6.91321534774184e-08,3.7847912114463e-07,"CTHRC1"
1536.35093668316,5.12084256363951,0.293329786602398,17.4576289130183,3.0118662774916e-68,2.50384579969101e-66,"TNFRSF11B"
764.462795164861,3.22565760903855,0.14280872809582,22.5872581602593,5.78270776482612e-113,1.23700581588799e-110,"DEPTOR"
33351.5307243595,2.18373519024199,0.0935050567902255,23.3541935078559,1.2493718660472e-120,3.17612056555565e-118,"COL14A1"
557.666373509242,2.24136123849988,0.12991664268793,17.2523026467348,1.07527224178724e-66,8.69186654064053e-65,"SNTB1"
1041.00101268517,3.04092681682213,0.118419143252217,25.6793516091006,1.98833899295207e-145,6.97549085507447e-143,"HAS2"
39.4787342800291,2.2345412278677,0.412789622735648,5.41326890210782,6.1884448031509e-08,3.40393572568423e-07,"HAS2-AS1"
204.08618056421,-2.89367324797989,0.223705757983816,-12.9351755362025,2.84971467856086e-38,1.00174038430132e-36,"MTSS1"
2621.16731294139,2.19773603646132,0.0829339682009085,26.4998297336657,9.73621870177443e-155,3.97169795925175e-152,"LRATD2"
14.8069406313245,-4.17584830917242,0.943509092577329,-4.42586970493893,9.6054492113412e-06,3.94865677563009e-05,"TMEM71"
35.5007759731083,2.21392676105924,0.453602720054346,4.8807616515042,1.05676901894149e-06,4.98434669568503e-06,"ZNF707"
69.6319250621262,2.17948649293039,0.389832864522017,5.5908228661088,2.25996038263876e-08,1.31221334233256e-07,"TMEM249"
25.9070805414739,5.10946714598439,0.790038548355932,6.46736435407763,9.97269912729452e-11,7.40605907670928e-10,"LOC101929563"
10.1215367126036,2.11936724187318,0.847819539422199,2.49978579559225,0.0124268419409565,0.0286174654701744,"ANKRD20A2P"
10.799053831675,2.46834042662627,0.782309492515571,3.155196824583,0.00160389863447991,0.0045218218106733,"BANCR"
42.1451657620615,-8.62295669148598,1.23281233640219,-6.99454121026319,2.66128351656197e-12,2.2816018652988e-11,"QNG1"
195.232019536389,-2.85953002615666,0.22101564021693,-12.9381342576027,2.74208029847998e-38,9.65839970193523e-37,"NTRK2"
127.477930259958,-3.73743935541064,0.294418356295799,-12.6943149959565,6.35838304651489e-37,2.12848085913965e-35,"ROR2"
21.6224471351823,-3.36533528858168,0.657765396320056,-5.11631549395794,3.11561759791319e-07,1.56998127793724e-06,"WNK2"
437.270442352062,-2.24820788601832,0.144104829467707,-15.601197366686,7.14415342771395e-55,4.30637784451994e-53,"CTSV"
134.100264486314,-2.18683565118812,0.2341123817061,-9.34096537419978,9.54597197254789e-21,1.45605125539533e-19,"TMOD1"
96.3261606198485,3.84732322226931,0.329611637550587,11.6722918245835,1.76600632882052e-31,4.72218247162205e-30,"COL15A1"
266.22914794575,2.17506213506515,0.213412785033684,10.191808024631,2.15714472985815e-24,4.10395615037331e-23,"LPAR1"
29.4264315723857,2.49296825291051,0.538795515948365,4.62692835986671,3.71128816744924e-06,1.62464950699344e-05,"TNFSF15"
66.5092271433451,-3.75183420923947,0.420075564985777,-8.93133169830171,4.20911013769594e-19,5.82271300672906e-18,"PAPPA"
334.217876940735,-2.48370742657775,0.173753451251806,-14.2944350669519,2.37021373932377e-46,1.0798940052332e-44,"ASTN2"
18.7135037425369,-3.26736687362649,0.724656163628814,-4.50885128371048,6.51795762681305e-06,2.74967519797806e-05,"LMX1B"
29.6126725511041,-2.02932852861497,0.585075835089255,-3.4684880265229,0.00052339584964539,0.00163710531359304,"LAMC3"
79.7220750580784,-6.14718021523195,1.13674184733204,-5.40771876188031,6.38325526992801e-08,3.50449704819428e-07,"PLPP7"
63.8218980819218,3.0188992747834,0.928232947002163,3.25230782265733,0.00114471976135043,0.00332789395067574,"DHRSX"
10.6398132734424,3.09660289818373,0.878007868716277,3.52685096400244,0.00042053340580467,0.00133779043729048,"GPR143"
1143.87149097274,2.41460309334314,0.100652478637403,23.9895045410819,3.57871867497787e-127,9.8084850434042e-125,"SHROOM2"
904.254380043197,-2.62365621461086,0.286633371733075,-9.15335223790385,5.51936626298583e-20,8.03445673187007e-19,"GPM6B"
48.374551450709,-3.10117783735648,0.44080959325236,-7.03518681269053,1.98994207930009e-12,1.72118215054255e-11,"NHS"
60.7019470507728,-9.15329233247706,1.21314453861748,-7.5450962693269,4.51953517595617e-14,4.51464501830565e-13,"PCSK1N"
66.0969153500015,-4.78393345867653,0.537754613741971,-8.89612722313525,5.78292849922308e-19,7.94348855167361e-18,"CCDC120"
18.0237013123041,-3.67395223850175,0.810353903686461,-4.53376262123031,5.79421444780044e-06,2.46809897107498e-05,"XAGE1A"
27.4863857456264,-8.00973113589808,1.25221958264573,-6.39642699004504,1.59054830273841e-10,1.16055772788413e-09,"SSX2"
57.629962639277,-9.0816260097748,1.21668911445833,-7.46421242851175,8.37993147455554e-14,8.15717968896663e-13,"SSX2B"
73.1077999994827,-3.89550815342674,0.408601478906723,-9.53375930955949,1.51688450587093e-21,2.44555800712151e-20,"WNK3"
12.4364763477956,-6.86234214768784,1.33964639638115,-5.12250259936159,3.01506938281064e-07,1.52193761277357e-06,"PAGE5"
73.5355123097341,-3.3631869140239,0.383146292842767,-8.77781405392342,1.66682552812086e-18,2.24388231686631e-17,"ZC4H2"
164.474079456538,-3.65443005196216,0.273336130937817,-13.3697292027359,9.08710700534239e-41,3.48028261966617e-39,"HEPH"
15.0905883084134,-7.15173456175534,1.32015062522277,-5.41736255326813,6.04846134908774e-08,3.33425708750308e-07,"NHSL2"
191.310429343246,-2.12297253214614,0.211972651447998,-10.0153133795515,1.30547517213175e-23,2.37298860045212e-22,"NAP1L2"
46.5472514169048,-3.31971278766165,0.449860230602299,-7.3794315697056,1.58966759532418e-13,1.50644836788662e-12,"ZDHHC15"
15.4115257934419,4.83191283692018,0.955349355552056,5.05774438307756,4.24244572714928e-07,2.1045458286178e-06,"TGIF2LX"
123.689546589225,-2.77540244614306,0.275769548263055,-10.064209277725,7.95237769961688e-24,1.45912821369226e-22,"PCDH19"
63.7065326321287,-2.5118049301691,0.349897276287321,-7.17869243459473,7.03812760543222e-13,6.28593667652172e-12,"DRP2"
10.6846224160509,2.22607336860518,0.850652121344005,2.61690215394755,0.00887317724000897,0.0212483825210918,"TCEAL2"
305.669117944035,-3.48601864174293,0.201706461362582,-17.2826324858109,6.35787736401261e-67,5.16312624269191e-65,"BEX1"
119.09119655069,-3.6297947040216,0.314768007827251,-11.5316506562309,9.13747440633552e-31,2.3536040904777e-29,"TCEAL7"
12.4593039246766,-3.60894700730569,0.918181674239275,-3.93053696077712,8.47563625321255e-05,0.000303596355968147,"IL1RAPL2"
39.2746367537899,-3.22051643241557,0.487888398164189,-6.60092850031612,4.08590590662328e-11,3.15036815420127e-10,"RADX"
54.2994740730982,-2.43629301729322,0.368392534223751,-6.61330724963466,3.75827263177255e-11,2.91054570569194e-10,"FRMPD3"
51.6139056108778,-3.80427181524037,0.458595954191856,-8.29547618217503,1.08151095069996e-16,1.30115113760137e-15,"RTL9"
153.533694864033,-3.78270726641214,0.306506025289392,-12.3413797912802,5.42186774283142e-35,1.67144080978921e-33,"CHRDL1"
310.760643015444,-4.82317812938399,0.242616548908669,-19.8798398175206,6.08277252204937e-88,7.40957727842138e-86,"CAPN6"
307.890342764425,-2.8875909200059,0.194901684664895,-14.8156283254847,1.16098557830563e-49,5.98966118501739e-48,"TMEM255A"
122.727504256234,-2.80293362832176,0.315241680540189,-8.89138017383597,6.03544953194629e-19,8.27092345623983e-18,"GRIA3"
41.2524430589109,-4.33309750353488,0.593243749279469,-7.30407612182631,2.79178300315298e-13,2.58420399252277e-12,"TENM1"
56.2964392814871,-9.04702782401931,1.21524255141747,-7.44462725853928,9.72185182026185e-14,9.40082705508341e-13,"DCAF12L2"
880.162172297609,-8.54091439838316,1.06789619667954,-7.99788820761779,1.26571206492014e-15,1.4159346511967e-14,"ARHGAP36"
15.7635839399007,-2.30047927117653,0.700394018310993,-3.28455014039692,0.00102145321234999,0.00300273350055826,"GPC3"
72.2477037093857,-2.38078898301245,0.358694350242942,-6.63737519534375,3.19318123009536e-11,2.49494841679744e-10,"SMIM10L2A"
12.0283840832894,-6.82125210921653,1.35737518338564,-5.02532549048274,5.02579397603066e-07,2.46732303760296e-06,"CT45A10"
606.068158794717,-2.00554430496215,0.127817235934486,-15.6907187852984,1.75062009616268e-55,1.07746060023823e-53,"SOX3"
26.7438213203773,-7.96973979194092,1.25396932090939,-6.3556098694354,2.07601302518735e-10,1.49734146689191e-09,"SLITRK4"
668.978766188174,-3.06794167054215,0.143088623407073,-21.4408497160125,5.55894483921903e-102,9.7509451424741e-100,"SLITRK2"
108.716976284989,-9.99430265141093,1.19937385009921,-8.33293359746355,7.88633986196549e-17,9.57330709472226e-16,"PASD1"
387.679024705456,-4.21475070086362,0.200094451244087,-21.0638059909129,1.70879567989207e-98,2.70035901089971e-96,"GABRA3"
81.736395796495,-4.76529855600913,0.457488048200132,-10.4162252429478,2.09087707065283e-25,4.19634721925873e-24,"CSAG2"
305.966759507195,-3.57229369967995,0.200117744412295,-17.8509592448738,2.84114203782822e-71,2.46715210324479e-69,"MAGEA2B"
169.116966907204,-3.48750137805509,0.252429593259756,-13.815739006743,2.04841211120863e-43,8.47433887799778e-42,"MAGEA2"
128.421459107785,-4.00282457005837,0.319451457090492,-12.530306189602,5.0965532205331e-36,1.65247024106047e-34,"CSAG3"
2413.07535446966,-3.7353141398538,0.0995944403882181,-37.5052475348382,7.56422921898805e-308,1.65855180912837e-304,"MAGEA6"
13.4253431001754,-6.98345340285546,1.34558212804278,-5.18991242326715,2.10393010537914e-07,1.08704088301784e-06,"PNMA5"
83.0345469657394,-5.13090082167274,0.486738499538245,-10.5413909656628,5.56693492934693e-26,1.15425065715927e-24,"MAGEA1"
29.5970533809666,2.1777756562084,0.476317165519418,4.57211247852796,4.82831623089665e-06,2.08092125322256e-05,"PNCK"
44.2085529485449,-2.30667518471934,0.44787010297463,-5.15032186653908,2.60039808087888e-07,1.32443620025251e-06,"CLIC2"
76.5080432399452,5.01595026009845,1.00455966044127,4.99318304091081,5.93922199612306e-07,2.88347337486838e-06,"RBMY2FP"
