"baseMean","log2FoldChange","stat","pvalue","padj","B","symbol"
4.613,3.873,6.542,5.547e-09,1.961e-06,10.33,"PI3"
14.54,3.822,7.599,5.254e-11,8.285e-08,14.76,"CHI3L1"
5.056,3.518,7.354,1.565e-10,1.783e-07,13.72,"MYBPH"
10.14,3.492,4.554,1.89e-05,0.0005606,2.639,"LTF"
4.179,3.48,4.643,1.348e-05,0.000445,2.956,"SAA2"
5.722,3.309,4.276,5.283e-05,0.001106,1.677,"SAA1"
3.871,3.216,7.093,4.973e-10,3.398e-07,12.63,"GALNT5"
9.075,3.211,8.179,3.929e-12,2.014e-08,17.23,"ABCC3"
4.032,3.181,5.319,9.481e-07,6.817e-05,5.457,"MARCO"
4.641,2.93,4.718,1.012e-05,0.0003611,3.225,"MMP7"
3.882,2.866,5.369,7.73e-07,5.98e-05,5.65,"IL2RA"
6.771,2.829,4.744,9.168e-06,0.0003368,3.318,"CA9"
7.049,2.714,16.04,1.467e-26,3.007e-22,48.15,"NUAK2"
7.539,2.707,6.734,2.407e-09,1.015e-06,11.13,"LIF"
3.223,2.672,5.896,8.76e-08,1.403e-05,7.712,"WDR63"
4.815,2.666,5.819,1.211e-07,1.749e-05,7.405,"CXCL3"
6.563,2.657,3.842,0.0002452,0.003223,0.2496,"PLA2G2A"
6.042,2.56,4.489,2.405e-05,0.0006575,2.413,"IBSP"
3.235,2.529,4.381,3.597e-05,0.0008458,2.036,"WDR38"
3.773,2.525,4.402,3.325e-05,0.0008104,2.11,"TEKT1"
2.828,2.513,4.395,3.416e-05,0.0008248,2.084,"FAM183A"
4.391,2.512,4.267,5.465e-05,0.001135,1.645,"C7orf57"
4.595,2.501,4.141,8.597e-05,0.001558,1.223,"SCNN1B"
6.93,2.486,5.595,3.068e-07,3.336e-05,6.524,"FCGR2B"
9.06,2.47,5.156,1.824e-06,0.0001116,4.839,"F13A1"
4.613,2.467,4.362,3.852e-05,0.0008764,1.972,"C2orf39"
2.711,2.465,4.456,2.725e-05,0.0007097,2.296,"CSF3"
2.209,2.453,7.015,7.016e-10,4.358e-07,12.3,"TNFSF14"
4.208,2.415,6.14,3.116e-08,6.776e-06,8.693,"CCDC135"
6.524,2.413,4.481,2.48e-05,0.0006663,2.384,"HP"
10.55,2.393,6.167,2.778e-08,6.472e-06,8.802,"CD163"
8.741,2.375,6.839,1.518e-09,7.589e-07,11.56,"LOX"
4.057,2.363,5.451,5.537e-07,4.859e-05,5.966,"C13orf26"
8.278,2.361,6.024,5.106e-08,9.604e-06,8.224,"PTX3"
3.195,2.356,5.495,4.626e-07,4.474e-05,6.136,"LRRC15"
11.01,2.345,6.762,2.133e-09,9.507e-07,11.24,"SERPINE1"
6.325,2.332,5.108,2.21e-06,0.0001245,4.658,"TREM1"
6.818,2.331,8.369,1.669e-12,1.515e-08,18.04,"FAM65C"
6.688,2.328,5.332,8.996e-07,6.611e-05,5.507,"COL8A1"
8.875,2.313,6.315,1.479e-08,3.99e-06,9.401,"RARRES2"
6.739,2.31,4.392,3.448e-05,0.0008283,2.076,"SLPI"
3.852,2.302,5.454,5.483e-07,4.859e-05,5.975,"CCDC19"
2.111,2.288,3.887,0.00021,0.002906,0.3932,"FAM81B"
2.455,2.285,4.186,7.328e-05,0.001396,1.372,"CXCL6"
6.672,2.284,4.344,4.127e-05,0.0009207,1.908,"DMRTA2"
9.734,2.262,4.908,4.855e-06,0.0002127,3.916,"SPOCD1"
4.157,2.234,4.916,4.705e-06,0.0002087,3.945,"ABCA13"
4.181,2.219,4.854,5.985e-06,0.0002464,3.719,"ALDH3A1"
4.13,2.216,4.563,1.823e-05,0.0005474,2.672,"IL1R2"
4.838,2.203,4.475,2.533e-05,0.000676,2.364,"CXCL5"
10.14,2.188,7.192,3.206e-10,2.355e-07,13.04,"SOCS3"
6.761,2.176,7.57,5.981e-11,8.758e-08,14.64,"CLCF1"
8.07,2.159,5.939,7.3e-08,1.21e-05,7.885,"CFB"
7.135,2.151,5.226,1.376e-06,9.188e-05,5.105,"SLC47A2"
2.871,2.148,3.786,0.0002969,0.003652,0.07287,"APCDD1L"
1.188,2.139,4.569,1.786e-05,0.0005401,2.692,"FAM92B"
7.545,2.124,4.873,5.559e-06,0.0002341,3.788,"DDIT4L"
3.401,2.103,4.593,1.63e-05,0.0005071,2.777,"CCL20"
3.637,2.096,4.042,0.0001223,0.001996,0.8952,"CHRDL2"
9.208,2.092,4.921,4.621e-06,0.0002081,3.962,"CP"
7.863,2.064,5.031,2.998e-06,0.0001541,4.37,"AHNAK2"
4.987,2.036,4.33,4.343e-05,0.0009572,1.86,"C6orf141"
3.855,2.031,4.531,2.06e-05,0.000594,2.558,"CCDC42B"
2.23,2.031,4.63,1.418e-05,0.0004631,2.908,"C19orf59"
12.11,2.028,7.289,2.092e-10,1.977e-07,13.45,"ANXA1"
6.788,2.022,6.468,7.652e-09,2.479e-06,10.03,"AIM1"
4.479,2.019,4.136,8.758e-05,0.001578,1.206,"FER1L4"
6.189,2.018,6.329,1.391e-08,3.853e-06,9.459,"HK3"
9.387,2.008,5.414,6.459e-07,5.427e-05,5.82,"C21orf62"
4.123,1.999,4.912,4.789e-06,0.0002113,3.929,"FPR2"
8.555,1.996,4.703,1.073e-05,0.0003772,3.17,"FOXJ1"
3.85,1.995,4.691,1.121e-05,0.0003882,3.129,"PDZK1IP1"
5.924,1.983,5.668,2.273e-07,2.679e-05,6.808,"EVC2"
6.852,1.98,4.675,1.194e-05,0.0004082,3.07,"HAMP"
6.714,1.977,6.028,5.031e-08,9.549e-06,8.238,"BIRC3"
3.168,1.975,4.003,0.0001402,0.002201,0.7679,"SCNN1G"
0.9126,1.974,4.452,2.765e-05,0.0007148,2.282,"SAA4"
2.763,1.969,3.828,0.0002577,0.003314,0.2036,"AREG"
7.042,1.965,4.873,5.562e-06,0.0002341,3.788,"TNFSF12.TNFSF13"
5.979,1.924,4.09,0.0001031,0.001768,1.053,"AQP9"
10.99,1.922,4.415,3.175e-05,0.0007843,2.153,"COL1A1"
2.211,1.918,3.704,0.0003919,0.004447,-0.1834,"KLHDC7A"
13.12,1.918,7.184,3.331e-10,2.355e-07,13.01,"CD44"
3.851,1.917,6.173,2.717e-08,6.44e-06,8.823,"ZNF474"
5.536,1.909,5.429,6.073e-07,5.166e-05,5.878,"KCNN4"
3.737,1.909,5.128,2.042e-06,0.0001206,4.732,"KRT7"
11.49,1.909,5.857,1.032e-07,1.579e-05,7.557,"S100A10"
6.25,1.906,4.339,4.199e-05,0.0009348,1.891,"TCTEX1D1"
7.155,1.906,5.023,3.094e-06,0.0001562,4.34,"CELSR1"
3.809,1.904,6.222,2.196e-08,5.489e-06,9.025,"MAK"
8.038,1.902,3.435,0.0009488,0.008341,-0.9955,"IL8"
4.285,1.902,4.773,8.19e-06,0.0003162,3.424,"C15orf48"
10.06,1.898,5.325,9.239e-07,6.741e-05,5.481,"CA12"
6.844,1.897,4.38,3.603e-05,0.0008458,2.034,"PPL"
2.907,1.894,3.09,0.002767,0.01782,-1.969,"CCL18"
3.549,1.89,4.633,1.4e-05,0.0004592,2.92,"SFN"
3.023,1.888,2.896,0.004887,0.02688,-2.48,"C1orf158"
11.14,1.888,4.264,5.523e-05,0.001143,1.635,"CHI3L2"
12.2,1.884,5.457,5.416e-07,4.827e-05,5.986,"FCGBP"
2.649,1.883,5.32,9.424e-07,6.817e-05,5.463,"KRT80"
10.3,1.876,6.732,2.425e-09,1.015e-06,11.12,"STEAP3"
2.132,1.875,4.957,4.005e-06,0.0001896,4.097,"TREML3"
9.037,1.874,5.967,6.512e-08,1.113e-05,7.993,"PLAU"
7.539,1.874,5.22,1.412e-06,9.401e-05,5.08,"CLEC5A"
10,1.871,6.609,4.151e-09,1.576e-06,10.61,"PLP2"
2.976,1.866,3.6,0.0005532,0.005688,-0.5008,"KRT75"
5.083,1.866,3.742,0.0003452,0.004044,-0.06629,"ALOX15B"
1.951,1.861,3.543,0.0006668,0.0065,-0.6723,"CCDC37"
4.682,1.858,6.224,2.179e-08,5.489e-06,9.033,"CLDN23"
2.141,1.856,4.472,2.562e-05,0.0006798,2.353,"C2orf62"
11.55,1.851,4.907,4.881e-06,0.0002129,3.911,"MAOB"
4.7,1.841,4.405,3.285e-05,0.0008046,2.121,"CXCL1"
4.497,1.835,3.666,0.0004455,0.004901,-0.3014,"HPD"
9.335,1.834,7.501,8.162e-11,1.116e-07,14.34,"DPYD"
1.231,1.834,3.764,0.0003198,0.003825,0.004142,"CCL7"
5.073,1.831,5.937,7.368e-08,1.21e-05,7.876,"VDR"
12.31,1.828,6.465,7.738e-09,2.479e-06,10.02,"TIMP1"
4.261,1.826,4.091,0.0001028,0.001766,1.057,"C13orf33"
6.216,1.818,5.381,7.367e-07,5.818e-05,5.695,"RNASE2"
3.195,1.817,3.203,0.001963,0.01385,-1.658,"YSK4"
3.166,1.814,3.794,0.0002888,0.003595,0.09847,"COL13A1"
9.479,1.808,4.41,3.232e-05,0.0007926,2.136,"CCL2"
6.313,1.806,6.373,1.149e-08,3.318e-06,9.64,"MYO1G"
4.348,1.804,3.146,0.002337,0.01581,-1.816,"HMGA2"
1.197,1.8,3.519,0.0007226,0.006855,-0.7461,"CAMP"
4.162,1.799,5.359,8.072e-07,6.107e-05,5.609,"CPA4"
2.685,1.797,4.281,5.192e-05,0.001094,1.693,"C12orf63"
9.353,1.797,6.162,2.842e-08,6.547e-06,8.78,"CRB2"
13.1,1.795,6.52,6.107e-09,2.122e-06,10.24,"TNC"
4.886,1.795,4.108,9.683e-05,0.001702,1.112,"C9orf171"
6.88,1.795,6.471,7.547e-09,2.479e-06,10.04,"FOSL1"
5.863,1.793,4.472,2.563e-05,0.0006798,2.353,"RARRES1"
5.499,1.793,5.137,1.965e-06,0.0001174,4.769,"POM121L9P"
9.639,1.792,3.65,0.0004693,0.005053,-0.3495,"NNMT"
7.058,1.792,4.788,7.74e-06,0.0003017,3.477,"ZMYND10"
7.157,1.786,5.815,1.23e-07,1.759e-05,7.391,"CDCP1"
5.206,1.783,5.318,9.51e-07,6.817e-05,5.454,"CSTA"
2.347,1.778,3.653,0.0004645,0.005019,-0.3401,"C15orf26"
5.475,1.778,5.524,4.12e-07,4.181e-05,6.245,"DNAH5"
7.691,1.778,4.755,8.774e-06,0.00033,3.359,"COL22A1"
5.515,1.771,3.144,0.002348,0.01585,-1.82,"NKX2.5"
9.325,1.771,6.139,3.14e-08,6.776e-06,8.686,"CFI"
3.657,1.769,4.281,5.179e-05,0.001094,1.695,"MMEL1"
5.583,1.76,5.823,1.189e-07,1.741e-05,7.423,"FCGR2C"
6.332,1.756,3.962,0.0001621,0.002411,0.6334,"UBD"
14.06,1.753,4.307,4.711e-05,0.001017,1.784,"SERPINA3"
10.47,1.752,4.18,7.479e-05,0.00142,1.353,"METTL7B"
12.17,1.749,6.884,1.246e-09,6.906e-07,11.75,"NAMPT"
9.47,1.741,6.233,2.103e-08,5.389e-06,9.066,"ICAM1"
2.371,1.736,3.61,0.0005353,0.005559,-0.4706,"C3orf16"
4.513,1.734,6.716,2.602e-09,1.067e-06,11.05,"VENTX"
0.8859,1.729,4.748,9.031e-06,0.0003342,3.332,"EDN2"
11.12,1.725,5.027,3.042e-06,0.0001556,4.357,"LGALS3"
4.347,1.725,4.149,8.36e-05,0.001533,1.249,"PAPPA"
10.34,1.724,5.614,2.844e-07,3.135e-05,6.596,"SDC4"
6.001,1.722,4.508,2.246e-05,0.0006299,2.477,"EFHC2"
7.322,1.72,4.047,0.0001204,0.001979,0.9098,"S100A8"
2.738,1.719,3.423,0.0009828,0.008549,-1.028,"HOXB6"
6.365,1.718,6.465,7.736e-09,2.479e-06,10.02,"HAS3"
10.48,1.714,5.958,6.747e-08,1.143e-05,7.96,"EMP3"
3.871,1.714,4.968,3.837e-06,0.0001848,4.138,"AGBL2"
11.31,1.713,7.731,2.924e-11,5.45e-08,15.32,"FAM20C"
2.001,1.712,3.383,0.001117,0.009351,-1.144,"C11orf88"
11.58,1.711,5.273,1.141e-06,7.948e-05,5.282,"PDPN"
9.279,1.711,4.195,7.095e-05,0.001361,1.402,"ANGPTL4"
9.95,1.711,5.619,2.781e-07,3.094e-05,6.617,"SERPINA1"
6.474,1.71,5.778,1.435e-07,1.962e-05,7.244,"HSPA7"
1.986,1.708,4.585,1.679e-05,0.0005182,2.75,"TMEM150B"
4.849,1.699,4.129,8.973e-05,0.001601,1.183,"IL21R"
2.463,1.699,4.575,1.745e-05,0.0005324,2.713,"KCNE1"
8.116,1.698,5.636,2.589e-07,2.933e-05,6.685,"SYNC"
2.442,1.689,4.147,8.41e-05,0.001539,1.243,"PPBP"
8.508,1.683,6.109,3.56e-08,7.298e-06,8.567,"C5AR1"
8.481,1.681,5.845,1.085e-07,1.611e-05,7.51,"DIRAS3"
8.194,1.681,8.062,6.624e-12,2.263e-08,16.73,"BCL3"
10.53,1.68,5.878,9.451e-08,1.468e-05,7.64,"CYR61"
9.245,1.678,5.121,2.099e-06,0.0001212,4.706,"ADM"
6.069,1.663,4.755,8.776e-06,0.00033,3.359,"GPRC5A"
5.415,1.658,4.455,2.729e-05,0.0007099,2.295,"SPAG4"
11.78,1.656,6.015,5.302e-08,9.764e-06,8.189,"C1R"
0.1852,1.655,4.752,8.878e-06,0.0003303,3.348,"ORM1"
9.361,1.653,4.185,7.346e-05,0.001398,1.369,"THBS1"
10.9,1.647,5.814,1.239e-07,1.759e-05,7.384,"ANXA2P2"
5.929,1.643,4.468,2.608e-05,0.0006873,2.337,"OSM"
6.27,1.641,7.915,1.28e-11,3.4e-08,16.1,"SGMS2"
6.8,1.641,4.821,6.812e-06,0.0002733,3.597,"ADAM8"
1.435,1.635,3.997,0.0001435,0.002237,0.7464,"LOC400891"
10.39,1.632,5.466,5.22e-07,4.736e-05,6.021,"CAV1"
3.371,1.632,3.841,0.0002462,0.003228,0.2459,"C3orf66"
13.6,1.632,5.738,1.699e-07,2.218e-05,7.084,"SOD2"
1.877,1.629,5.16,1.798e-06,0.0001107,4.852,"TREML2"
9.216,1.629,5.968,6.475e-08,1.113e-05,7.999,"OSMR"
1.697,1.628,5.41,6.554e-07,5.464e-05,5.806,"LGALS12"
8.303,1.627,3.589,0.0005736,0.005836,-0.5341,"COL6A3"
6.621,1.627,4.287,5.071e-05,0.001079,1.715,"SERPINA5"
11.28,1.622,5.585,3.197e-07,3.431e-05,6.485,"C1S"
3.056,1.622,3.191,0.002033,0.01425,-1.69,"C9orf44"
2.277,1.621,5.484,4.845e-07,4.577e-05,6.092,"C20orf195"
8.112,1.616,3.556,0.0006398,0.006315,-0.6344,"PLA2G5"
4.679,1.612,4.075,0.0001088,0.001838,1.003,"EMR1"
1.788,1.612,3.725,0.0003657,0.004197,-0.1195,"EREG"
6.004,1.607,4.875,5.523e-06,0.0002341,3.794,"GBP5"
10.84,1.607,5.852,1.054e-07,1.59e-05,7.537,"ITGB4"
7.787,1.607,7.357,1.548e-10,1.783e-07,13.73,"RBM47"
9.458,1.606,5.772,1.476e-07,1.978e-05,7.217,"SLC11A1"
5.12,1.602,5.201,1.522e-06,9.876e-05,5.01,"LOXL4"
9.462,1.602,7.186,3.302e-10,2.355e-07,13.01,"GLIS3"
6.653,1.602,4.169,7.786e-05,0.001456,1.315,"TFCP2L1"
3.744,1.6,3.356,0.001219,0.009935,-1.224,"CR1"
5.396,1.598,4.909,4.834e-06,0.0002122,3.92,"IL1RN"
11.92,1.596,5.98,6.16e-08,1.07e-05,8.046,"ANXA2"
5.226,1.596,4.508,2.244e-05,0.0006299,2.478,"LILRA6"
2.37,1.593,3.32,0.001363,0.01077,-1.326,"LRRIQ1"
3.912,1.591,4.572,1.761e-05,0.0005357,2.705,"MYCBPAP"
9.122,1.591,7.627,4.636e-11,7.921e-08,14.88,"C1RL"
6.042,1.59,5.095,2.325e-06,0.0001285,4.61,"BNC2"
5.78,1.589,4.206,6.813e-05,0.001324,1.44,"TRPM8"
3.678,1.586,5.382,7.357e-07,5.818e-05,5.697,"SH2D2A"
11.17,1.586,3.699,0.0003987,0.004506,-0.1993,"COL3A1"
3.525,1.584,3.389,0.001097,0.009227,-1.128,"C10orf81"
5.151,1.584,5.289,1.068e-06,7.578e-05,5.344,"LILRB3"
3.147,1.584,4.403,3.317e-05,0.0008096,2.112,"TACSTD2"
3.107,1.582,3.542,0.0006691,0.006517,-0.6755,"GZMK"
6.039,1.582,5.448,5.604e-07,4.889e-05,5.954,"LILRB2"
5.741,1.581,5.364,7.891e-07,6.036e-05,5.63,"LOC154761"
7.498,1.579,4.462,2.665e-05,0.0006996,2.317,"SDK1"
4.411,1.575,5.759,1.555e-07,2.057e-05,7.168,"PTPN22"
4.866,1.573,3.319,0.001368,0.0108,-1.33,"IL6"
5.361,1.572,3.515,0.0007324,0.006919,-0.7584,"FOLR1"
6.173,1.572,3.946,0.0001711,0.002508,0.5834,"CXCL2"
0.4275,1.572,4.093,0.0001022,0.001762,1.062,"WBSCR28"
5.627,1.571,3.169,0.002176,0.01498,-1.751,"CHRNA9"
6.37,1.57,3.732,0.0003561,0.004127,-0.09498,"C1orf192"
2.513,1.569,3.225,0.001836,0.01326,-1.597,"DTHD1"
1.851,1.569,4.035,0.0001254,0.002028,0.8713,"IFLTD1"
2.756,1.568,3.454,0.000891,0.00798,-0.938,"MLPH"
0.6903,1.568,4.161,8.013e-05,0.001485,1.288,"RETN"
8.522,1.567,3.583,0.0005865,0.005927,-0.5546,"S100A9"
3.118,1.565,2.78,0.0068,0.03439,-2.774,"CD70"
2.503,1.564,3.191,0.002036,0.01425,-1.691,"MMP1"
8.183,1.562,5.078,2.49e-06,0.0001354,4.545,"CD109"
5.519,1.56,5.322,9.358e-07,6.803e-05,5.469,"GPR84"
7.005,1.56,4.558,1.856e-05,0.0005547,2.656,"TCEA3"
4.046,1.558,5.339,8.736e-07,6.465e-05,5.534,"LRGUK"
7.589,1.557,3.138,0.002391,0.01605,-1.837,"MET"
10.36,1.556,5.11,2.194e-06,0.0001241,4.664,"ITGA3"
10.3,1.555,6.871,1.321e-09,6.945e-07,11.7,"MAN1C1"
3.515,1.549,4.455,2.737e-05,0.0007111,2.292,"RNASE3"
5.655,1.544,3.944,0.0001726,0.002517,0.575,"FAM46B"
12.48,1.544,4.882,5.368e-06,0.0002297,3.821,"AEBP1"
9.506,1.542,6.088,3.899e-08,7.836e-06,8.48,"FZD7"
0.9966,1.54,2.955,0.004117,0.02374,-2.326,"CCDC33"
3.994,1.539,3.85,0.0002383,0.003165,0.2761,"HTR1D"
9.239,1.539,6.08,4.024e-08,7.932e-06,8.45,"TNFAIP2"
5.209,1.537,4.739,9.331e-06,0.0003398,3.301,"C6orf97"
6.129,1.537,4.167,7.842e-05,0.00146,1.308,"BDKRB2"
8.245,1.53,3.99,0.0001467,0.002263,0.726,"SRPX2"
0.3966,1.529,3.475,0.0008337,0.007607,-0.8771,"C5orf46"
3.767,1.528,4.599,1.595e-05,0.0005008,2.798,"FAM86B2"
11.5,1.527,7.881,1.493e-11,3.4e-08,15.96,"PTRF"
1.928,1.527,4.069,0.0001112,0.001862,0.9835,"HES2"
0.8408,1.526,2.898,0.004866,0.02681,-2.476,"STOML3"
5.198,1.52,4.868,5.668e-06,0.0002371,3.77,"C4orf47"
1.223,1.519,4.21,6.704e-05,0.001312,1.455,"POU2F3"
2.731,1.517,3.858,0.0002322,0.003107,0.3003,"FCAR"
3.832,1.516,3.094,0.002733,0.01768,-1.957,"MME"
8.209,1.515,3.909,0.0001944,0.002747,0.4648,"MXRA5"
6.854,1.514,3.807,0.0002761,0.00349,0.14,"MTTP"
0.6945,1.513,3.175,0.00214,0.01479,-1.736,"CCL13"
3.811,1.513,3.85,0.0002383,0.003165,0.2761,"IL10"
4.175,1.511,4.962,3.934e-06,0.0001871,4.114,"ELF3"
1.097,1.51,2.793,0.00655,0.03344,-2.741,"KRT16"
1.297,1.505,2.925,0.004498,0.02537,-2.405,"LOC647309"
4.499,1.502,4.457,2.711e-05,0.000708,2.301,"FHAD1"
4.631,1.496,4.948,4.159e-06,0.0001938,4.062,"ACAP1"
3.608,1.496,4.947,4.17e-06,0.0001939,4.059,"IL18R1"
1.058,1.496,4.696,1.1e-05,0.0003849,3.146,"CHST4"
7.412,1.495,5.274,1.138e-06,7.948e-05,5.284,"SECTM1"
1.368,1.49,3.644,0.0004787,0.005122,-0.3676,"LRRC18"
12.04,1.488,4.37,3.74e-05,0.000866,2,"EFEMP1"
8.408,1.486,5.503,4.478e-07,4.416e-05,6.166,"VASN"
6.493,1.483,3.696,0.0004028,0.004544,-0.2087,"G0S2"
10.27,1.482,7.765,2.509e-11,5.143e-08,15.46,"CEBPD"
6.381,1.481,4.402,3.332e-05,0.000811,2.108,"TTC12"
8.444,1.475,3.731,0.0003577,0.004136,-0.09912,"ERAP2"
11.08,1.475,3.864,0.0002276,0.003059,0.3186,"COL6A2"
11.7,1.474,5.937,7.38e-08,1.21e-05,7.875,"SERPING1"
9.23,1.473,6.319,1.449e-08,3.962e-06,9.42,"FBXO32"
5.299,1.472,4.212,6.667e-05,0.001309,1.46,"PODNL1"
8.701,1.469,4.758,8.675e-06,0.0003288,3.37,"CAPS"
8.609,1.467,3.596,0.0005616,0.005756,-0.5147,"GBP3"
1.872,1.465,3.824,0.0002608,0.00334,0.1927,"CATSPER1"
2.707,1.465,3.131,0.002445,0.01635,-1.857,"AK7"
4.241,1.465,3.087,0.00279,0.01791,-1.976,"DNAH11"
8.684,1.461,4.921,4.61e-06,0.0002081,3.965,"C1orf88"
0.4108,1.461,4.782,7.931e-06,0.0003085,3.454,"CD300E"
2.041,1.459,3.46,0.0008745,0.007887,-0.9209,"NUP62CL"
5.53,1.455,5.518,4.22e-07,4.261e-05,6.223,"NOD2"
3.664,1.455,4.031,0.0001273,0.002052,0.8576,"SLAMF6"
9.954,1.454,5.574,3.341e-07,3.523e-05,6.444,"GBP2"
7.405,1.452,4.788,7.723e-06,0.0003017,3.479,"SLAMF8"
3.007,1.452,3.641,0.000483,0.005157,-0.3759,"SALL4"
6.484,1.451,3.533,0.0006906,0.006644,-0.7045,"TC2N"
1.378,1.451,2.853,0.005532,0.02957,-2.59,"LBP"
5.931,1.447,4.281,5.194e-05,0.001094,1.693,"C11orf63"
2.623,1.445,3.881,0.0002145,0.00294,0.3734,"TMEM61"
6.19,1.441,4.16,8.029e-05,0.001487,1.287,"BCL2A1"
8.24,1.439,5.101,2.273e-06,0.000127,4.631,"FAM115C"
5.329,1.439,4.027,0.0001288,0.00207,0.8466,"C7orf29"
9.838,1.437,2.897,0.004873,0.02682,-2.477,"CXCL14"
7.656,1.433,5.118,2.122e-06,0.0001222,4.696,"NFKBIZ"
10.01,1.431,4.793,7.584e-06,0.0002979,3.496,"TNFRSF12A"
7.17,1.43,5.516,4.253e-07,4.274e-05,6.215,"SLC22A18"
7.659,1.426,6.171,2.733e-08,6.44e-06,8.818,"PLEKHA7"
9.43,1.424,7.192,3.213e-10,2.355e-07,13.04,"MYOF"
7.221,1.424,3.425,0.0009769,0.008504,-1.022,"GDF15"
3.085,1.422,4.329,4.356e-05,0.0009572,1.857,"CLECL1"
4.78,1.422,3.975,0.0001547,0.002342,0.6769,"MAP1LC3C"
8.368,1.422,4.33,4.342e-05,0.0009572,1.86,"MS4A4A"
5.579,1.418,5.811,1.253e-07,1.759e-05,7.373,"ANXA2P1"
8.708,1.418,6.233,2.096e-08,5.389e-06,9.069,"PLAUR"
0.07641,1.418,3.937,0.0001769,0.00256,0.5523,"CDHR4"
4.572,1.418,4.767,8.393e-06,0.0003225,3.401,"IL15"
4.927,1.416,2.712,0.008201,0.03929,-2.94,"VWA3A"
11.22,1.415,4.238,6.068e-05,0.001227,1.548,"TGFBI"
7.427,1.414,4.028,0.0001286,0.002067,0.8485,"ARSJ"
10.63,1.411,4.038,0.0001241,0.002014,0.8812,"FLNC"
5.146,1.407,4.452,2.768e-05,0.0007148,2.281,"SPATA17"
2.222,1.406,2.794,0.006534,0.0334,-2.739,"SCGB1D2"
3.681,1.405,4.607,1.545e-05,0.000491,2.828,"RSPH10B2"
6.489,1.404,3.022,0.003382,0.02053,-2.149,"MRC1"
4.463,1.403,3.915,0.000191,0.002715,0.4814,"C6orf118"
3.701,1.402,3.43,0.0009634,0.008433,-1.01,"CCR2"
2.309,1.401,3.104,0.002653,0.01732,-1.931,"DMBX1"
6.645,1.4,3.614,0.0005294,0.005524,-0.4604,"GJB2"
4.976,1.399,4.4,3.347e-05,0.0008129,2.103,"ETV7"
6.528,1.398,3.216,0.001882,0.0135,-1.62,"ESM1"
9.111,1.396,3.643,0.0004798,0.005131,-0.3699,"COL5A1"
2.85,1.395,3.444,0.0009207,0.00816,-0.968,"FAM110C"
7.61,1.395,5.881,9.353e-08,1.464e-05,7.65,"MUC1"
2.369,1.395,3.237,0.001764,0.01288,-1.561,"S100A12"
3.926,1.395,4.073,0.0001097,0.001846,0.9956,"ACPP"
7.308,1.394,5.473,5.067e-07,4.679e-05,6.049,"ADAMTSL4"
3.507,1.394,3.33,0.00132,0.01054,-1.297,"LILRA5"
1.386,1.386,4.014,0.000135,0.002143,0.8034,"TRPC7"
3.83,1.386,4.448,2.807e-05,0.0007202,2.268,"ESR2"
5.145,1.385,4.305,4.746e-05,0.001022,1.777,"KIRREL2"
2.504,1.384,2.79,0.006604,0.03367,-2.748,"SPAG17"
7.385,1.383,5.491,4.715e-07,4.517e-05,6.118,"CIITA"
2.648,1.382,4.493,2.368e-05,0.0006534,2.427,"C11orf35"
6.384,1.38,4.205,6.843e-05,0.001326,1.435,"PDCD1LG2"
11.7,1.38,3.852,0.0002371,0.003161,0.2808,"COL1A2"
10.91,1.375,5.19,1.594e-06,0.0001015,4.966,"FKBP5"
3.675,1.375,3.176,0.002129,0.01475,-1.731,"ROPN1L"
0.7887,1.375,3.23,0.001807,0.01314,-1.583,"LCN2"
2.317,1.375,2.737,0.007652,0.03739,-2.879,"RASSF9"
7.011,1.374,4.077,0.000108,0.001833,1.01,"TNFRSF11B"
9.937,1.374,5.462,5.308e-07,4.773e-05,6.006,"RDH10"
2.71,1.372,3.958,0.0001643,0.002436,0.6206,"GCKR"
11.53,1.372,5.122,2.088e-06,0.0001212,4.711,"MMP14"
6.514,1.372,4.563,1.826e-05,0.0005474,2.671,"GCNT1"
4.731,1.37,4.628,1.427e-05,0.0004651,2.902,"MIR155HG"
4.69,1.368,3.1,0.002684,0.01745,-1.941,"CPZ"
3.79,1.356,4.484,2.45e-05,0.0006644,2.395,"WDR93"
4.981,1.356,3.825,0.00026,0.003331,0.1956,"C19orf51"
7.168,1.355,3.578,0.0005962,0.005992,-0.5695,"STC1"
4.997,1.355,4.365,3.811e-05,0.0008709,1.982,"VWA3B"
8.224,1.352,4.423,3.074e-05,0.0007675,2.183,"HSPA6"
7.905,1.349,6.155,2.928e-08,6.596e-06,8.752,"LEPREL1"
7.154,1.348,4.04,0.0001232,0.002006,0.8883,"FAM20A"
1.196,1.348,2.765,0.00709,0.0355,-2.811,"AKR1B10"
6.272,1.346,3.215,0.001892,0.01354,-1.624,"SIGLEC14"
3.537,1.345,4.284,5.137e-05,0.001091,1.703,"GPR97"
7.97,1.344,3.808,0.0002756,0.003488,0.1417,"GPX8"
10.74,1.341,6.785,1.929e-09,8.987e-07,11.34,"BHLHE40"
5.041,1.334,3.648,0.0004728,0.005075,-0.3563,"ST6GALNAC2"
6.507,1.332,5.707,1.931e-07,2.414e-05,6.963,"PTPN7"
4.094,1.329,2.744,0.007514,0.03684,-2.863,"TFPI2"
5.693,1.329,4.857,5.917e-06,0.0002451,3.73,"GOLGA2B"
11.12,1.327,5.085,2.422e-06,0.0001331,4.572,"S100A11"
3.214,1.327,3.271,0.001588,0.01196,-1.465,"GATA3"
5.893,1.324,4.856,5.955e-06,0.0002456,3.724,"GPR39"
3.879,1.324,3.212,0.001907,0.01361,-1.632,"LRRC50"
2.28,1.322,4.689,1.13e-05,0.0003899,3.121,"NLRP12"
5.122,1.321,3.292,0.001488,0.01145,-1.406,"TDO2"
5.787,1.32,4.414,3.185e-05,0.0007856,2.15,"EGF"
11.52,1.319,4.344,4.126e-05,0.0009207,1.908,"TUBA1C"
12.61,1.318,6.594,4.431e-09,1.652e-06,10.55,"PLTP"
2.525,1.316,3.466,0.0008581,0.00777,-0.9036,"CCDC147"
9.316,1.314,5.595,3.076e-07,3.336e-05,6.522,"UPP1"
9.424,1.313,4.536,2.022e-05,0.0005848,2.575,"C8orf4"
4.847,1.312,4.157,8.134e-05,0.001501,1.274,"ODF3B"
6.141,1.309,3.416,0.001005,0.008693,-1.049,"HRASLS5"
6.038,1.309,4.075,0.0001088,0.001838,1.004,"SIGLEC7"
2.605,1.309,3.239,0.001754,0.01282,-1.555,"DNAI1"
6.545,1.305,8.117,5.176e-12,2.122e-08,16.96,"ZC3H12A"
10.18,1.304,4.765,8.449e-06,0.0003225,3.395,"GBP1"
10.93,1.303,4.48,2.492e-05,0.0006688,2.379,"IFI30"
1.282,1.3,2.985,0.003775,0.02227,-2.248,"VWA5B1"
6.363,1.296,5.937,7.379e-08,1.21e-05,7.875,"CASZ1"
6.969,1.296,4.434,2.951e-05,0.0007459,2.221,"CLEC2B"
7.338,1.292,5.723,1.807e-07,2.299e-05,7.026,"EMR2"
11.18,1.291,4.945,4.194e-06,0.0001945,4.054,"CD14"
3.315,1.291,3.57,0.0006103,0.0061,-0.591,"LRRC8E"
0.2815,1.29,3.755,0.00033,0.003926,-0.02472,"IL1F8"
9.625,1.289,5.343,8.615e-07,6.422e-05,5.547,"SLC16A3"
5.575,1.289,4.65,1.313e-05,0.0004362,2.98,"CD72"
11.12,1.288,5.164,1.768e-06,0.0001092,4.868,"ZFP36"
5.113,1.287,4.429,3.013e-05,0.0007579,2.202,"P2RY8"
0.668,1.285,4.335,4.251e-05,0.0009431,1.88,"NXF3"
6.491,1.283,3.153,0.002282,0.01552,-1.794,"LRRC61"
5.83,1.281,4.724,9.898e-06,0.0003554,3.246,"KYNU"
6.747,1.28,5.666,2.294e-07,2.687e-05,6.8,"ANG"
7.22,1.28,5.636,2.587e-07,2.933e-05,6.686,"APOB48R"
10.01,1.28,5.362,7.978e-07,6.06e-05,5.62,"PROS1"
7.914,1.279,6.959,8.994e-10,5.268e-07,12.06,"ALDH3B1"
6.422,1.277,4.917,4.692e-06,0.0002087,3.948,"CYTIP"
4.018,1.276,4.538,2.001e-05,0.0005818,2.585,"WBSCR27"
6.794,1.274,4.933,4.397e-06,0.0002016,4.009,"SIGLEC9"
3.798,1.273,4.248,5.851e-05,0.001195,1.582,"EFCAB10"
1.201,1.273,2.728,0.007856,0.03813,-2.902,"CCDC129"
7.529,1.273,4.02,0.0001322,0.002111,0.8224,"FBLN7"
11.49,1.272,5.211,1.462e-06,9.634e-05,5.048,"MRC2"
7.362,1.271,3.939,0.0001756,0.002549,0.5592,"LOXL1"
15.12,1.271,3.268,0.001603,0.01203,-1.474,"SPP1"
7.003,1.27,4.577,1.731e-05,0.0005288,2.721,"ANPEP"
3.134,1.269,2.661,0.009427,0.04319,-3.063,"IL1RL1"
7.691,1.269,3.963,0.0001614,0.002405,0.6373,"ST14"
3.106,1.269,2.711,0.008234,0.03939,-2.944,"CD3D"
7.138,1.268,3.513,0.0007354,0.006941,-0.7622,"ITPR3"
10.09,1.264,4.847,6.145e-06,0.0002509,3.694,"PLEKHA4"
1.997,1.264,2.875,0.005196,0.0282,-2.534,"ATP6V0D2"
8.595,1.264,3.827,0.0002585,0.003318,0.201,"ADAM12"
7.479,1.263,2.674,0.009113,0.04223,-3.034,"COL14A1"
11.49,1.262,4.513,2.203e-05,0.0006238,2.495,"FCGR3A"
4.39,1.262,2.942,0.004279,0.0244,-2.361,"HOXA1"
9.653,1.261,5.531,3.993e-07,4.072e-05,6.275,"HRH1"
4.024,1.258,4.441,2.884e-05,0.0007334,2.243,"LOC283314"
7.101,1.258,4.501,2.3e-05,0.0006415,2.455,"FBP1"
5.605,1.257,3.655,0.0004615,0.004997,-0.3339,"MT1L"
8.54,1.255,3.58,0.000591,0.005954,-0.5615,"ACSS3"
3.934,1.255,3.143,0.002357,0.01589,-1.824,"C2orf50"
0.2874,1.25,3.271,0.001592,0.01199,-1.468,"C1orf189"
1.973,1.249,4.479,2.503e-05,0.0006698,2.375,"SCNN1A"
2.634,1.248,3.853,0.0002359,0.003147,0.2857,"CTLA4"
12.04,1.248,5.231,1.351e-06,9.057e-05,5.122,"RCAN1"
4.645,1.247,3.463,0.0008662,0.007827,-0.9122,"SLC34A2"
2.982,1.245,4.547,1.938e-05,0.0005692,2.615,"C10orf55"
9.272,1.244,5.013,3.214e-06,0.0001609,4.305,"LAIR1"
8.282,1.242,4.073,0.0001097,0.001846,0.9963,"RAB36"
6.846,1.241,3.396,0.001074,0.009104,-1.109,"PTGS2"
4.691,1.239,3.747,0.0003395,0.003998,-0.05093,"BICC1"
5.441,1.238,3.194,0.00202,0.01417,-1.684,"AOX1"
7.894,1.238,6.033,4.909e-08,9.406e-06,8.262,"SLC25A43"
8.539,1.238,3.894,0.0002053,0.00286,0.414,"S100A4"
13.76,1.237,4.416,3.161e-05,0.0007837,2.157,"C3"
4.234,1.236,3.842,0.0002454,0.003223,0.2491,"BATF"
1.784,1.236,4.009,0.0001376,0.002169,0.7855,"TCTEX1D4"
5.44,1.235,3.621,0.0005164,0.005427,-0.4375,"CCDC65"
10.25,1.232,6.104,3.645e-08,7.399e-06,8.544,"PYGL"
4.286,1.232,4.652,1.304e-05,0.0004339,2.987,"CD7"
10.21,1.23,4.897,5.067e-06,0.0002201,3.876,"FCGR2A"
11.05,1.23,5.653,2.42e-07,2.787e-05,6.749,"CTSZ"
7.267,1.229,3.596,0.0005609,0.005755,-0.5135,"IL1B"
6.486,1.228,3.991,0.0001465,0.002262,0.7272,"FAM26F"
6.524,1.227,4.394,3.432e-05,0.0008266,2.08,"CCR5"
9.752,1.227,4.92,4.638e-06,0.0002081,3.959,"GFPT2"
7.226,1.226,3.557,0.000637,0.006291,-0.6304,"FPR3"
9.159,1.226,2.812,0.006209,0.03214,-2.693,"PDLIM4"
4.762,1.226,4.552,1.9e-05,0.000563,2.633,"CD274"
7.933,1.225,6.189,2.533e-08,6.123e-06,8.89,"DOK3"
6.281,1.224,3.355,0.001221,0.009947,-1.226,"ADAMTS14"
5.863,1.224,4.041,0.0001227,0.002002,0.8915,"GAPT"
6.078,1.223,3.345,0.001263,0.0102,-1.257,"ARSI"
1.043,1.223,2.598,0.0112,0.04905,-3.215,"C6"
3.255,1.223,2.67,0.009204,0.0425,-3.042,"MT1H"
11.07,1.223,5.913,8.165e-08,1.318e-05,7.779,"ARL4C"
4.902,1.222,2.837,0.005787,0.03057,-2.631,"LAMA3"
9.256,1.221,5.013,3.218e-06,0.0001609,4.303,"RUNX1"
11.67,1.22,3.018,0.003421,0.02071,-2.16,"IGFBP3"
4.51,1.22,4.957,4.005e-06,0.0001896,4.097,"CLDN4"
8.989,1.218,4.725,9.849e-06,0.0003548,3.25,"TYMP"
12.74,1.216,4.911,4.793e-06,0.0002113,3.928,"TAGLN2"
1.393,1.216,3.286,0.00152,0.01161,-1.425,"RBM46"
8.31,1.215,4.789,7.716e-06,0.0003017,3.48,"LTBP2"
11.67,1.215,4.483,2.459e-05,0.0006649,2.392,"NEAT1"
8.077,1.215,4.985,3.598e-06,0.0001765,4.198,"IER3"
7.953,1.214,4.396,3.404e-05,0.0008238,2.088,"LOC100126784"
6.882,1.214,3.227,0.001822,0.01321,-1.59,"RSPH1"
4.806,1.212,3.786,0.0002973,0.003652,0.07154,"C10orf79"
9.842,1.211,3.336,0.001299,0.01043,-1.283,"SNX10"
9.217,1.209,6.768,2.078e-09,9.467e-07,11.27,"CEBPB"
11,1.209,5.988,5.96e-08,1.056e-05,8.078,"SLC39A14"
5.892,1.209,3.82,0.0002648,0.00338,0.1785,"RIBC1"
10.67,1.208,5.123,2.082e-06,0.0001212,4.714,"EFEMP2"
0.1919,1.208,4.264,5.527e-05,0.001143,1.635,"CATSPERB"
10.57,1.207,3.465,0.000861,0.007793,-0.9067,"RGS1"
3.567,1.207,3.437,0.0009416,0.008292,-0.9885,"TSLP"
10.96,1.207,3.537,0.0006815,0.00659,-0.6923,"VSIG4"
0.5785,1.206,3.776,0.0003074,0.00373,0.04072,"CLEC4D"
8.463,1.203,4.752,8.871e-06,0.0003303,3.349,"ALOX5"
8.45,1.202,3.763,0.0003216,0.003838,-0.001074,"DNAH9"
4.449,1.202,3.444,0.0009196,0.008155,-0.967,"ITK"
9.99,1.202,3.342,0.001275,0.01027,-1.265,"TPPP3"
3.143,1.201,2.889,0.00499,0.02732,-2.498,"IL7R"
2.861,1.2,3.88,0.0002149,0.002941,0.3718,"ASGR2"
12.18,1.199,3.154,0.002282,0.01552,-1.794,"VEGFA"
9.389,1.198,4.095,0.0001015,0.001758,1.068,"FBLN5"
12.04,1.197,4.437,2.924e-05,0.0007427,2.23,"EMP1"
9.818,1.195,4.084,0.0001055,0.0018,1.033,"RARRES3"
7.383,1.193,6.793,1.858e-09,8.861e-07,11.37,"RAB27A"
12.01,1.189,4.22,6.47e-05,0.001282,1.488,"FOS"
6.045,1.189,6.491,6.919e-09,2.364e-06,10.12,"PRICKLE3"
6.63,1.188,4.931,4.446e-06,0.0002025,3.999,"CISH"
7.342,1.187,3.286,0.001519,0.01161,-1.425,"SELL"
5.606,1.187,4.235,6.126e-05,0.001232,1.539,"C20orf26"
8.103,1.187,3.716,0.0003768,0.004314,-0.1473,"SDC1"
2.272,1.185,3.033,0.003274,0.02003,-2.12,"DNAJB13"
11.91,1.185,4.246,5.887e-05,0.001201,1.576,"C1QA"
3.22,1.185,3.98,0.0001521,0.002317,0.6922,"UBQLNL"
6.996,1.184,5.776,1.449e-07,1.963e-05,7.235,"PLB1"
9.325,1.182,5.496,4.616e-07,4.474e-05,6.138,"GEM"
7.508,1.181,4.603,1.567e-05,0.000495,2.814,"LRRC25"
6.541,1.18,4.219,6.508e-05,0.001287,1.482,"C5orf39"
1.651,1.18,4.51,2.224e-05,0.0006289,2.486,"EPHA1"
9.835,1.18,6.067,4.257e-08,8.312e-06,8.397,"CSF1"
8.215,1.179,6.259,1.878e-08,4.937e-06,9.174,"HSD3B7"
10.01,1.177,3.536,0.0006842,0.006609,-0.696,"FBLN1"
5.655,1.176,3.884,0.0002125,0.002927,0.3824,"LCTL"
9.852,1.173,5.158,1.81e-06,0.0001111,4.846,"PRSS23"
2.231,1.173,3.611,0.0005338,0.005551,-0.468,"GPR109A"
11.53,1.172,4.873,5.558e-06,0.0002341,3.789,"F3"
1.522,1.172,4.161,8.001e-05,0.001484,1.29,"DMP1"
8.101,1.171,4.144,8.513e-05,0.001553,1.232,"RIN1"
1.386,1.17,3.538,0.0006779,0.006571,-0.6875,"HTRA4"
10.84,1.17,4.99,3.515e-06,0.0001732,4.22,"STAB1"
4.283,1.169,4.094,0.0001017,0.001758,1.066,"IQUB"
8.558,1.169,5.679,2.166e-07,2.595e-05,6.854,"BACE2"
3.717,1.168,3.241,0.001744,0.01277,-1.55,"CTSW"
7.216,1.167,5.391,7.074e-07,5.687e-05,5.734,"TRIM56"
2.992,1.167,3.454,0.0008924,0.007987,-0.9394,"KCNJ15"
7.065,1.167,4.43,2.999e-05,0.0007563,2.206,"NCF1"
6.356,1.166,4.491,2.393e-05,0.0006558,2.418,"MBOAT1"
1.398,1.165,3.48,0.0008198,0.00751,-0.8618,"BDKRB1"
3.923,1.163,3.346,0.001256,0.01018,-1.252,"C14orf50"
7.663,1.161,3.292,0.001487,0.01145,-1.406,"TOM1L1"
10.58,1.16,4.548,1.933e-05,0.0005692,2.618,"C10orf10"
3.978,1.159,3.839,0.0002477,0.003232,0.2406,"EMR4P"
5.078,1.157,3.766,0.0003177,0.003818,0.01023,"ANKRD53"
9.201,1.154,4.126,9.077e-05,0.001615,1.172,"SIGLEC10"
10.36,1.153,4.008,0.0001376,0.002169,0.7852,"MGST1"
5.02,1.153,3.31,0.001407,0.01102,-1.355,"ADAMTS2"
8.978,1.152,4.708,1.051e-05,0.0003714,3.19,"SLC2A10"
9.132,1.152,7.341,1.66e-10,1.791e-07,13.67,"PIM1"
6.043,1.151,3.099,0.002694,0.0175,-1.944,"LRAT"
0.981,1.15,4.185,7.356e-05,0.001399,1.368,"POM121L8P"
5.583,1.149,3.44,0.0009321,0.008226,-0.9793,"HKDC1"
1.961,1.149,3.552,0.0006487,0.006381,-0.6471,"GPR171"
11.24,1.149,4.336,4.247e-05,0.0009431,1.881,"CDKN1A"
7.997,1.147,3.839,0.0002476,0.003232,0.2407,"PAPLN"
8.813,1.145,3.345,0.001263,0.0102,-1.257,"SCIN"
7.239,1.145,4.724,9.896e-06,0.0003554,3.246,"GNA15"
9.769,1.145,4.509,2.238e-05,0.0006299,2.48,"SLC2A5"
10.89,1.144,4.644,1.34e-05,0.0004439,2.961,"CAPG"
13.14,1.143,6.686,2.966e-09,1.169e-06,10.93,"MSN"
6.708,1.142,4.211,6.676e-05,0.00131,1.458,"C3orf15"
6.953,1.141,4.681,1.168e-05,0.000401,3.09,"PCSK5"
5.396,1.139,3.105,0.002646,0.01729,-1.928,"ADRA1D"
5.097,1.139,4.36,3.889e-05,0.0008819,1.963,"FANK1"
10,1.139,4.812,7.056e-06,0.0002803,3.564,"MAFB"
12.05,1.138,3.725,0.0003647,0.004193,-0.117,"NDRG1"
9.882,1.137,4.525,2.108e-05,0.0006019,2.536,"LTBP1"
2.305,1.137,3.122,0.00251,0.01661,-1.881,"IL18RAP"
9.878,1.137,4.498,2.332e-05,0.0006468,2.442,"TMEM158"
6.506,1.137,3.751,0.0003346,0.003967,-0.03746,"SH2D4A"
3.28,1.136,3.203,0.001964,0.01385,-1.658,"PSORS1C1"
10.18,1.134,4.711,1.042e-05,0.0003701,3.198,"CXCR4"
9.946,1.133,3.761,0.0003232,0.003854,-0.005404,"ALOX5AP"
13.46,1.132,5.502,4.493e-07,4.416e-05,6.163,"FLNA"
3.527,1.132,2.672,0.009168,0.04239,-3.039,"DYNLRB2"
1.007,1.131,3.558,0.0006356,0.006282,-0.6283,"NLRP6"
6.069,1.131,3.588,0.0005768,0.005855,-0.5392,"C17orf72"
3.281,1.13,4.596,1.611e-05,0.0005035,2.788,"SLA2"
5.041,1.13,3.694,0.0004049,0.004558,-0.2134,"IL2RB"
7.575,1.127,5.06,2.668e-06,0.0001425,4.48,"CCDC40"
8.916,1.127,4.751,8.926e-06,0.0003315,3.343,"C1orf38"
2.557,1.125,4.416,3.157e-05,0.0007835,2.158,"TEC"
4.76,1.124,2.604,0.01099,0.04837,-3.199,"GSC"
6.529,1.123,4.067,0.0001121,0.001873,0.9759,"SIRPB2"
6.63,1.123,4.565,1.813e-05,0.0005467,2.677,"OSCAR"
3.249,1.123,2.678,0.009012,0.04191,-3.024,"MT1A"
3.563,1.121,3.063,0.002994,0.01887,-2.04,"CEACAM1"
12.57,1.121,3.985,0.0001495,0.00229,0.7082,"C1QB"
2.179,1.119,3.559,0.000633,0.006263,-0.6246,"CASP5"
7.719,1.118,3.514,0.0007348,0.006939,-0.7614,"IL1R1"
7.494,1.118,4.673,1.203e-05,0.0004105,3.062,"APOBEC3C"
7.867,1.117,5.04,2.893e-06,0.0001505,4.404,"TMCO4"
9.169,1.117,4.595,1.618e-05,0.0005049,2.784,"WWTR1"
7.814,1.117,4.519,2.156e-05,0.0006122,2.515,"EVC"
6.404,1.116,4.348,4.064e-05,0.0009097,1.922,"CSF2RB"
9.215,1.115,6.876,1.291e-09,6.945e-07,11.72,"F11R"
6.872,1.115,3.798,0.0002855,0.003573,0.1089,"KDELR3"
12.42,1.115,4.497,2.34e-05,0.0006477,2.438,"COL6A1"
2.566,1.114,3.313,0.001394,0.01095,-1.347,"CXCR3"
9.403,1.114,4.71,1.044e-05,0.0003702,3.196,"SLA"
8.076,1.113,2.729,0.007834,0.03805,-2.9,"NAPSB"
1.427,1.112,3.378,0.001137,0.009474,-1.161,"GPR109B"
4.154,1.112,3.621,0.0005165,0.005427,-0.4376,"VGLL3"
11.2,1.111,3.959,0.0001638,0.00243,0.6235,"DUSP1"
4.6,1.11,2.691,0.00869,0.0408,-2.992,"CD2"
4.46,1.109,4.147,8.422e-05,0.00154,1.242,"APOBEC3D"
6.122,1.109,2.747,0.007454,0.03664,-2.856,"FAP"
1.187,1.108,3.081,0.002838,0.01816,-1.991,"SPIB"
4.352,1.108,3.525,0.0007087,0.006764,-0.7283,"PRRG4"
8.459,1.108,4.612,1.514e-05,0.0004858,2.846,"ITGA2"
2.454,1.108,3.396,0.001074,0.009104,-1.109,"C2orf73"
3.111,1.108,2.859,0.005441,0.02917,-2.576,"FCN3"
11.08,1.108,4.926,4.533e-06,0.0002053,3.98,"JUNB"
6.613,1.107,4.842,6.281e-06,0.0002555,3.673,"TNFAIP8"
9.44,1.106,3.728,0.000361,0.004163,-0.1077,"LOXL2"
3.839,1.105,2.952,0.004153,0.0239,-2.334,"LCK"
8.387,1.104,4.545,1.948e-05,0.0005707,2.61,"ITGAM"
0.7926,1.103,3.549,0.0006557,0.006438,-0.6569,"ANO9"
2.048,1.103,3.456,0.0008853,0.007946,-0.9321,"XKRX"
8.729,1.102,5.476,5.009e-07,4.668e-05,6.06,"RFX2"
8.651,1.102,3.475,0.0008341,0.007607,-0.8776,"COLEC12"
9.278,1.101,2.962,0.004032,0.0234,-2.307,"LYZ"
9.629,1.101,5.281,1.104e-06,7.776e-05,5.313,"TNFRSF1B"
5.749,1.1,3.641,0.000484,0.005166,-0.3779,"PRF1"
9.977,1.099,3.582,0.0005869,0.005927,-0.5551,"VCAM1"
4.182,1.098,4.042,0.0001222,0.001996,0.8955,"RAB38"
3.009,1.098,3.246,0.001719,0.01265,-1.537,"FAM177B"
8.778,1.098,4.452,2.761e-05,0.0007148,2.283,"IL10RA"
8.875,1.098,5.803,1.294e-07,1.792e-05,7.342,"ZNF217"
8.799,1.097,4.326,4.402e-05,0.0009651,1.847,"MDFIC"
8.532,1.096,5.694,2.04e-07,2.502e-05,6.911,"MAP3K6"
9.501,1.095,3.946,0.0001713,0.002511,0.5818,"C7orf68"
8.178,1.094,3.388,0.001101,0.009243,-1.131,"COL8A2"
3.396,1.094,2.868,0.005297,0.02862,-2.552,"CDSN"
11.09,1.094,4.524,2.115e-05,0.0006032,2.533,"ITGB2"
8.311,1.094,3.664,0.0004479,0.004915,-0.3064,"GDPD2"
9.044,1.093,5.365,7.86e-07,6.036e-05,5.634,"TCIRG1"
15.82,1.093,5.397,6.905e-07,5.595e-05,5.757,"VIM"
10.05,1.093,4.604,1.564e-05,0.0004948,2.816,"DNALI1"
9.686,1.091,3.964,0.0001608,0.0024,0.641,"KIAA0040"
10.99,1.091,3.819,0.000265,0.00338,0.178,"SYNPO"
7.583,1.089,4.287,5.068e-05,0.001079,1.716,"NFE2L3"
4.749,1.088,3.429,0.0009654,0.008435,-1.011,"MORN3"
2.26,1.088,4.016,0.0001339,0.002134,0.8104,"ICAM4"
9.991,1.088,3.675,0.0004313,0.004785,-0.2717,"C1QTNF1"
7.501,1.087,3.495,0.0007806,0.007257,-0.8169,"LRIG3"
7.752,1.087,4.938,4.319e-06,0.000199,4.026,"SPAG1"
8.664,1.086,4.508,2.239e-05,0.0006299,2.48,"TLR2"
4.203,1.084,3.298,0.001462,0.01132,-1.39,"VNN1"
8.728,1.084,3.911,0.0001936,0.002739,0.4687,"APOL1"
6.122,1.083,3.031,0.003293,0.02011,-2.125,"SPEF1"
9.206,1.082,4.801,7.343e-06,0.0002901,3.527,"EPHB4"
9.226,1.081,2.99,0.003716,0.02198,-2.234,"FPR1"
6.954,1.08,4.733,9.546e-06,0.0003458,3.28,"MAP3K8"
3.815,1.08,3.225,0.001835,0.01326,-1.597,"IL11"
8.077,1.08,4.88,5.416e-06,0.0002311,3.813,"WAS"
3.255,1.079,3.528,0.000701,0.006722,-0.7183,"CCDC153"
9.906,1.077,4.084,0.0001054,0.0018,1.033,"FCER1G"
9.632,1.077,5.812,1.244e-07,1.759e-05,7.38,"KDELC2"
9.576,1.077,4.578,1.722e-05,0.0005276,2.726,"SAMD9L"
10.44,1.075,5.634,2.61e-07,2.94e-05,6.677,"MVP"
12.33,1.075,4.012,0.0001361,0.002156,0.7955,"C1QC"
4.545,1.074,3.74,0.0003472,0.004058,-0.07154,"IL7"
1.365,1.073,3.478,0.0008252,0.007545,-0.8677,"TRAT1"
4.865,1.073,3.223,0.001844,0.01331,-1.601,"DCDC2"
9.549,1.072,5.127,2.051e-06,0.0001208,4.728,"FOSL2"
8.944,1.072,3.264,0.001626,0.01213,-1.487,"GYG2"
9.431,1.071,4.869,5.662e-06,0.0002371,3.771,"ARSD"
10.47,1.071,6.365,1.192e-08,3.395e-06,9.605,"ITGB5"
8.354,1.07,4.969,3.829e-06,0.0001848,4.139,"ARHGAP30"
7.933,1.069,4.716,1.021e-05,0.0003634,3.217,"C1orf162"
6.857,1.068,3.483,0.0008126,0.007467,-0.8537,"ITGB3"
3.394,1.068,3.254,0.001678,0.01242,-1.515,"CD96"
5.871,1.068,3.865,0.0002269,0.003054,0.3215,"PSTPIP1"
5.531,1.067,2.71,0.008254,0.03947,-2.946,"E2F8"
5.158,1.067,3.158,0.002254,0.01539,-1.783,"NCF1C"
6.473,1.066,3.85,0.000239,0.003171,0.2735,"DENND2D"
8.984,1.066,5.846,1.079e-07,1.611e-05,7.514,"B3GNT9"
1.945,1.065,4.025,0.0001299,0.002082,0.839,"LAX1"
8.993,1.065,4.18,7.486e-05,0.00142,1.352,"ECM2"
7.507,1.065,3.592,0.0005692,0.005803,-0.527,"HAS2"
7.82,1.063,2.789,0.006628,0.03376,-2.751,"PIRT"
4.833,1.063,2.729,0.007834,0.03805,-2.9,"LOC400759"
7.487,1.063,4.418,3.137e-05,0.0007795,2.164,"ALPK1"
9.17,1.062,5.231,1.352e-06,9.057e-05,5.122,"B4GALT1"
12.33,1.062,3.374,0.00115,0.009531,-1.171,"COL4A1"
5.57,1.061,2.972,0.003922,0.02292,-2.283,"TLR8"
9.726,1.061,5.076,2.506e-06,0.0001359,4.539,"SLC43A3"
9.904,1.06,3.187,0.002063,0.0144,-1.703,"MS4A6A"
7.991,1.059,4.391,3.463e-05,0.0008283,2.072,"HTATIP2"
5.79,1.059,3.996,0.0001438,0.002239,0.7444,"SOCS1"
6.919,1.058,4.123,9.176e-05,0.001629,1.162,"ACCS"
7.505,1.058,6.949,9.382e-10,5.343e-07,12.02,"DYRK3"
10.12,1.058,4.371,3.737e-05,0.000866,2,"GADD45B"
8.447,1.057,5.054,2.741e-06,0.0001448,4.455,"DRAM1"
5.814,1.057,3.217,0.00188,0.01349,-1.619,"SLC16A10"
13.02,1.056,4.171,7.715e-05,0.001447,1.324,"CD99"
5.745,1.056,4.273,5.333e-05,0.001113,1.668,"CACNA2D4"
5.396,1.056,4.087,0.0001044,0.001787,1.042,"MS4A14"
8.5,1.055,5.544,3.787e-07,3.921e-05,6.325,"TNFAIP3"
11.98,1.055,7.899,1.374e-11,3.4e-08,16.04,"ZFP36L2"
6.788,1.054,5.334,8.905e-07,6.567e-05,5.516,"CCDC102A"
8.113,1.054,7.414,1.199e-10,1.537e-07,13.98,"LATS2"
14.84,1.053,3.995,0.0001445,0.002244,0.7402,"CD74"
4.724,1.052,2.757,0.007245,0.03593,-2.83,"CD3E"
4.888,1.051,2.852,0.005536,0.02958,-2.591,"GPR82"
6.502,1.051,3.546,0.0006617,0.006472,-0.6653,"CARD16"
7.459,1.051,3.191,0.002035,0.01425,-1.69,"EPS8L2"
8.096,1.051,2.62,0.01055,0.04682,-3.162,"PCSK1"
5.816,1.05,5.057,2.703e-06,0.0001439,4.468,"GPR132"
10.12,1.05,4.795,7.522e-06,0.0002966,3.504,"HCLS1"
6.303,1.046,4.456,2.721e-05,0.0007097,2.297,"DENND1C"
2.484,1.045,3.209,0.001923,0.01368,-1.639,"ANKRD7"
7.289,1.044,3.612,0.0005326,0.005545,-0.4659,"FLJ36031"
6.26,1.044,5.045,2.833e-06,0.0001482,4.423,"CCDC96"
11.37,1.044,4.337,4.22e-05,0.0009384,1.887,"CD68"
8.045,1.043,4.256,5.672e-05,0.001165,1.61,"INHBB"
7.296,1.042,4.01,0.0001371,0.002166,0.7891,"KCNMB1"
2.17,1.042,3.186,0.002069,0.01443,-1.706,"PVRL4"
5.507,1.038,2.592,0.01136,0.04961,-3.227,"CYP19A1"
1.067,1.038,2.916,0.004619,0.02582,-2.429,"PSORS1C2"
4.189,1.038,2.709,0.00827,0.03954,-2.948,"STEAP4"
8.916,1.038,4.381,3.595e-05,0.0008458,2.037,"C21orf63"
5.92,1.038,3.794,0.000289,0.003595,0.09791,"P2RY6"
0.9212,1.038,3.327,0.001336,0.01064,-1.308,"TNFRSF9"
9.726,1.037,3.901,0.0001999,0.002805,0.439,"PLIN2"
9.039,1.037,4.331,4.324e-05,0.0009551,1.864,"CCDC109B"
5.787,1.037,3.113,0.002581,0.01695,-1.905,"RSPH4A"
3.825,1.037,4.551,1.911e-05,0.0005645,2.628,"TPRG1"
4.844,1.036,3.528,0.0007002,0.006717,-0.7172,"NCF1B"
1.51,1.035,3.084,0.002815,0.01804,-1.984,"IL22RA1"
5.316,1.035,4.211,6.69e-05,0.001311,1.457,"CCDC11"
8.168,1.034,4.494,2.366e-05,0.0006534,2.428,"C9orf64"
10.3,1.034,5.388,7.169e-07,5.741e-05,5.721,"NRP1"
9.775,1.033,4.109,9.657e-05,0.001699,1.115,"CCDC103"
0.755,1.033,2.762,0.007133,0.03559,-2.817,"LILRA3"
11.4,1.032,7.065,5.623e-10,3.603e-07,12.51,"LMNA"
7.401,1.032,3.962,0.0001618,0.002408,0.6352,"LILRB1"
7.993,1.031,4.381,3.599e-05,0.0008458,2.036,"NFAM1"
7.276,1.031,3.628,0.0005055,0.005333,-0.4178,"TXLNB"
6.12,1.031,4.935,4.373e-06,0.000201,4.014,"APOBEC3F"
11.39,1.031,6.421,9.355e-09,2.82e-06,9.836,"DPY19L1"
2.303,1.03,2.698,0.008527,0.04041,-2.975,"CEACAM4"
6.997,1.03,3.37,0.001165,0.009614,-1.183,"GPR65"
1.284,1.029,3.634,0.0004951,0.005246,-0.3988,"HAL"
10.31,1.029,4.449,2.797e-05,0.0007187,2.271,"CTSC"
7.124,1.029,4.92,4.639e-06,0.0002081,3.959,"WDR78"
9.244,1.028,5.431,6.024e-07,5.166e-05,5.886,"MICALL2"
5.413,1.028,5.063,2.645e-06,0.000142,4.488,"GALNT12"
2.061,1.027,3.252,0.001685,0.01246,-1.519,"GPR141"
10.96,1.025,3.672,0.0004361,0.00481,-0.2819,"HMOX1"
5.299,1.024,3.45,0.0009019,0.008053,-0.9491,"LOC100233209"
7.183,1.024,2.983,0.003791,0.02236,-2.252,"IGFBP6"
10.4,1.023,3.9,0.0002008,0.002813,0.435,"LAMB1"
7.615,1.022,3.875,0.0002187,0.002979,0.3557,"THBD"
7.461,1.022,5.066,2.609e-06,0.0001404,4.501,"ARHGAP9"
7.21,1.019,3.928,0.0001822,0.002619,0.5249,"SUSD2"
5.179,1.018,3.206,0.001945,0.01377,-1.65,"DOK2"
8.864,1.017,4.18,7.476e-05,0.00142,1.353,"PDLIM1"
7.503,1.016,4.9,5.011e-06,0.0002181,3.886,"ELF4"
4.065,1.016,3.188,0.002056,0.01436,-1.7,"PCOTH"
9.996,1.016,3.336,0.001299,0.01043,-1.282,"MSR1"
8.292,1.016,3.303,0.001439,0.01121,-1.376,"FAM181A"
1.884,1.016,3.082,0.002835,0.01815,-1.99,"SLAMF1"
7.644,1.016,2.694,0.008618,0.04061,-2.984,"PTPRU"
9.068,1.016,3.311,0.001405,0.01101,-1.354,"C2"
12.38,1.015,4.307,4.713e-05,0.001017,1.784,"IFITM3"
6.47,1.015,3.643,0.0004805,0.005136,-0.3711,"CCL5"
3.356,1.015,3.16,0.002236,0.01529,-1.776,"P4HA3"
3.043,1.015,2.962,0.004035,0.0234,-2.308,"KLF17"
0.004848,1.014,3.423,0.0009842,0.008549,-1.029,"SAGE1"
4.098,1.013,3.415,0.001009,0.00872,-1.052,"HCG26"
3.247,1.013,4.423,3.082e-05,0.0007687,2.181,"CD300LB"
10.63,1.013,5.891,8.95e-08,1.414e-05,7.692,"IL13RA1"
8.236,1.012,4.69,1.126e-05,0.0003892,3.125,"RNASE4"
12.9,1.011,3.829,0.0002568,0.003309,0.2069,"MT2A"
0.1914,1.011,3.423,0.0009852,0.008549,-1.03,"LEP"
5.581,1.011,3.826,0.0002594,0.003328,0.1977,"CD300C"
3.492,1.011,3.399,0.001064,0.009063,-1.1,"LRG1"
12.32,1.01,5.727,1.78e-07,2.294e-05,7.04,"HSPB1"
3.98,1.009,2.757,0.007238,0.03593,-2.83,"FRRS1"
11.37,1.009,3.211,0.001912,0.01362,-1.634,"HLA.DRB1"
6.558,1.009,4.098,0.0001003,0.00175,1.08,"HFE"
9.522,1.008,5.57,3.41e-07,3.566e-05,6.424,"GPC4"
6.685,1.008,2.961,0.004053,0.02345,-2.312,"CFD"
9.171,1.007,3.582,0.0005869,0.005927,-0.5551,"HLA.DOA"
5.284,1.007,4.312,4.629e-05,0.001003,1.8,"SNX20"
5.804,1.007,3.796,0.0002869,0.003585,0.1045,"DNAJC22"
7.358,1.007,4.572,1.763e-05,0.0005357,2.704,"ZBTB42"
8.624,1.007,5.401,6.807e-07,5.538e-05,5.77,"PPP1R3B"
5.779,1.006,4.132,8.875e-05,0.001592,1.193,"LOC151534"
4.648,1.006,2.922,0.004533,0.02549,-2.412,"NFATC2"
6.527,1.005,3.311,0.001402,0.01099,-1.352,"MMP11"
10.87,1.005,3.917,0.0001892,0.002697,0.4898,"MAPK4"
0.05298,1.005,2.673,0.009129,0.04228,-3.035,"CXorf41"
0.07722,1.004,3.219,0.001866,0.01343,-1.612,"PLEKHN1"
7.977,1.004,3.19,0.002041,0.01428,-1.693,"VAV3"
5.5,1.003,3.088,0.002785,0.01789,-1.974,"S100A2"
11.46,1.002,6.11,3.541e-08,7.298e-06,8.572,"TNFRSF1A"
9.643,1.002,3.33,0.001324,0.01056,-1.3,"MT1E"
4.617,1.002,3.763,0.0003209,0.003831,0.001185,"LAMP3"
12.51,1.001,8.306,2.217e-12,1.515e-08,17.77,"TPP1"
0.6699,-1.001,-2.947,0.004212,0.02414,-2.347,"GLP1R"
2.797,-1.002,-2.962,0.004032,0.0234,-2.307,"NAT2"
10.4,-1.002,-4.917,4.696e-06,0.0002087,3.947,"NCALD"
5.676,-1.004,-2.839,0.005751,0.03042,-2.625,"MACROD2"
4.063,-1.005,-2.616,0.01065,0.04721,-3.171,"CPAMD8"
2.841,-1.005,-2.659,0.009482,0.04332,-3.069,"GPR61"
6.798,-1.006,-4.044,0.0001216,0.001992,0.9003,"NKD1"
2.505,-1.006,-3.8,0.0002829,0.003545,0.1174,"TNFRSF13C"
2.541,-1.008,-3.335,0.001302,0.01043,-1.285,"ATOH7"
0.1882,-1.01,-2.912,0.004666,0.02596,-2.438,"LOC389033"
7.753,-1.01,-3.648,0.0004721,0.005075,-0.3549,"FAM123A"
3.386,-1.01,-3.093,0.002742,0.01773,-1.96,"C2orf82"
6.039,-1.01,-3.206,0.001946,0.01377,-1.65,"KIF26A"
2.613,-1.011,-4.449,2.798e-05,0.0007187,2.271,"BAAT"
2.387,-1.013,-2.946,0.004235,0.02423,-2.351,"C13orf16"
0.306,-1.013,-2.802,0.006381,0.03282,-2.718,"TCL6"
5.448,-1.013,-3.706,0.0003887,0.004427,-0.1758,"KCNA2"
4.558,-1.021,-3.122,0.002513,0.01662,-1.882,"PART1"
7.811,-1.021,-3.131,0.002445,0.01635,-1.857,"CGREF1"
6.486,-1.023,-2.971,0.003929,0.02295,-2.284,"KCNN1"
8.362,-1.025,-4.952,4.092e-06,0.0001928,4.077,"PRKCE"
0.1862,-1.025,-3.264,0.001627,0.01214,-1.487,"SLC6A10P"
7.744,-1.027,-2.696,0.008576,0.04055,-2.98,"ANKS1B"
0.3314,-1.028,-2.653,0.009632,0.04378,-3.082,"TP53TG3B"
0.00696,-1.029,-2.597,0.01121,0.04909,-3.216,"KIF12"
1.655,-1.031,-2.589,0.01147,0.04993,-3.236,"TRPC5"
2.96,-1.033,-2.899,0.004843,0.02673,-2.472,"C20orf201"
0.1142,-1.036,-2.93,0.004429,0.02505,-2.392,"RESP18"
5.113,-1.036,-2.597,0.01122,0.0491,-3.216,"PDIA2"
2.529,-1.036,-2.713,0.008182,0.03922,-2.938,"LOC100130148"
0.9314,-1.037,-2.913,0.004647,0.02589,-2.435,"EVPL"
5.367,-1.038,-3.672,0.0004359,0.004809,-0.2814,"ASXL3"
8.852,-1.039,-4.886,5.293e-06,0.0002275,3.835,"BCL7A"
2.85,-1.041,-3.334,0.001305,0.01045,-1.286,"GPR45"
0.3118,-1.041,-3.636,0.0004916,0.005225,-0.3923,"FAM75C1"
9.066,-1.045,-3.306,0.001426,0.01113,-1.367,"BEX2"
4.523,-1.05,-3.031,0.003294,0.02011,-2.126,"WDR86"
0.0829,-1.051,-4.355,3.952e-05,0.0008914,1.948,"FGF8"
8.547,-1.054,-3.423,0.0009834,0.008549,-1.028,"LRRTM2"
5.668,-1.055,-3.875,0.0002193,0.002986,0.3529,"DGKI"
2.701,-1.056,-4.252,5.765e-05,0.001181,1.595,"SLC5A12"
5.995,-1.057,-2.639,0.01001,0.04505,-3.116,"CYP26B1"
8.874,-1.057,-3.095,0.002723,0.01762,-1.954,"SPTBN2"
11.06,-1.058,-4.011,0.0001363,0.002158,0.7943,"GABBR1"
11.37,-1.059,-6.411,9.76e-09,2.9e-06,9.795,"CLASP2"
8.71,-1.06,-4.31,4.664e-05,0.001009,1.793,"BAI3"
11.5,-1.061,-2.934,0.004382,0.02484,-2.382,"CSPG5"
3.766,-1.061,-2.912,0.004669,0.02597,-2.439,"SCUBE3"
8.033,-1.062,-4.1,9.958e-05,0.001742,1.086,"PPFIA3"
7.208,-1.062,-2.703,0.00841,0.04006,-2.963,"LOC150622"
5.606,-1.064,-2.629,0.01029,0.04596,-3.14,"CACNA2D2"
6.716,-1.066,-2.907,0.004731,0.02625,-2.451,"B3GALT2"
7.737,-1.068,-7.25,2.482e-10,2.121e-07,13.29,"SHF"
9.134,-1.068,-5.313,9.705e-07,6.932e-05,5.435,"NUDT11"
1.067,-1.068,-3.32,0.001366,0.01079,-1.328,"LOC91149"
7.175,-1.069,-2.994,0.003673,0.0218,-2.224,"NRIP3"
7.475,-1.069,-3.606,0.0005422,0.005599,-0.4822,"FNDC5"
4.163,-1.069,-3.394,0.001081,0.00914,-1.115,"ST6GALNAC1"
7.45,-1.069,-3.006,0.003551,0.0213,-2.193,"HAPLN1"
9.297,-1.071,-3.519,0.0007229,0.006855,-0.7465,"CDK5R1"
9.285,-1.072,-2.927,0.004475,0.02526,-2.401,"ATP2B2"
9.568,-1.073,-2.692,0.008662,0.0407,-2.989,"FBXL16"
0.8537,-1.073,-3.779,0.0003043,0.003709,0.0502,"CASP12"
0.2364,-1.073,-2.665,0.009326,0.04289,-3.054,"HTR1A"
1.194,-1.075,-3.012,0.003488,0.02102,-2.177,"DCAF4L2"
0.4942,-1.075,-2.638,0.01003,0.04513,-3.118,"SLITRK6"
4.621,-1.077,-2.601,0.01109,0.0487,-3.206,"KY"
7.016,-1.078,-2.902,0.0048,0.02654,-2.464,"H2AFY2"
4.441,-1.08,-2.588,0.01149,0.04997,-3.237,"SYT2"
8.396,-1.082,-3.14,0.002376,0.016,-1.831,"AATK"
6.645,-1.083,-3.544,0.0006666,0.0065,-0.672,"THSD7A"
3.273,-1.086,-3.777,0.0003057,0.003717,0.04583,"SPATA22"
1.768,-1.093,-2.611,0.01081,0.04774,-3.184,"LYPD6B"
4.514,-1.094,-2.894,0.00492,0.027,-2.486,"KLRK1"
7.697,-1.097,-5.231,1.349e-06,9.057e-05,5.124,"SLC16A14"
0.3576,-1.097,-3.056,0.003056,0.01912,-2.058,"TLX1NB"
0.5884,-1.1,-3.233,0.001787,0.01302,-1.573,"ALOX12B"
5.034,-1.101,-3.747,0.0003387,0.003995,-0.04867,"FAM101A"
8.106,-1.102,-3.324,0.001347,0.01069,-1.315,"CDH20"
8.115,-1.103,-3.763,0.0003208,0.003831,0.001231,"BOK"
5.437,-1.104,-3.042,0.003189,0.01969,-2.096,"VIPR1"
8.451,-1.104,-3.77,0.0003135,0.003788,0.02255,"DLG2"
0.9785,-1.104,-3.297,0.001467,0.01133,-1.393,"LOC642597"
7.804,-1.108,-2.732,0.007767,0.0378,-2.892,"ATRNL1"
5.276,-1.108,-5.406,6.658e-07,5.464e-05,5.791,"NANOS3"
10.46,-1.108,-4.916,4.713e-06,0.0002087,3.944,"ITM2A"
0.2034,-1.109,-2.781,0.006783,0.03432,-2.772,"NDST4"
-0.1211,-1.11,-3.453,0.0008943,0.007996,-0.9414,"OR14I1"
3.09,-1.111,-2.679,0.008992,0.04185,-3.022,"PAQR9"
7.264,-1.111,-4.002,0.0001409,0.002208,0.7634,"LNX1"
7.621,-1.114,-4.52,2.144e-05,0.0006096,2.52,"RPS6KL1"
3.63,-1.115,-2.815,0.006163,0.03198,-2.687,"CCDC144B"
9.808,-1.116,-4.242,5.976e-05,0.001214,1.562,"GNG4"
2.543,-1.117,-3.072,0.002919,0.01854,-2.017,"C20orf203"
8.089,-1.117,-3.729,0.0003602,0.004155,-0.1055,"HR"
9.71,-1.118,-2.656,0.009576,0.04361,-3.077,"KIF5A"
0.4385,-1.118,-2.916,0.004615,0.02582,-2.428,"LHX5"
10.27,-1.119,-5.318,9.501e-07,6.817e-05,5.455,"PODXL2"
4.273,-1.12,-3.269,0.001601,0.01203,-1.473,"LOC283761"
6.107,-1.124,-2.661,0.009435,0.0432,-3.064,"PRSS35"
2.168,-1.124,-4.142,8.584e-05,0.001557,1.224,"EFCAB5"
6.605,-1.125,-3.565,0.0006214,0.006181,-0.6077,"SMPD3"
0.5052,-1.125,-2.742,0.007551,0.03694,-2.867,"EIF4E1B"
9.592,-1.126,-5.377,7.497e-07,5.866e-05,5.679,"WASF1"
3.112,-1.126,-3.06,0.003021,0.01898,-2.048,"GPR64"
1.235,-1.128,-2.816,0.006138,0.0319,-2.683,"CALHM1"
8.683,-1.128,-3.96,0.0001628,0.002419,0.6293,"C9orf140"
7.081,-1.128,-3.038,0.00323,0.01982,-2.108,"NTN4"
5.568,-1.131,-2.651,0.009685,0.04395,-3.087,"PCDH20"
0.6747,-1.133,-3.035,0.003255,0.01994,-2.115,"HTR6"
12.47,-1.133,-2.835,0.005819,0.0307,-2.636,"NCAN"
13.18,-1.133,-4.529,2.073e-05,0.000597,2.552,"FXYD6"
5.848,-1.133,-2.86,0.005419,0.0291,-2.572,"ZNF578"
8.551,-1.134,-5.273,1.144e-06,7.948e-05,5.28,"SLC2A13"
3.077,-1.135,-3.909,0.0001945,0.002747,0.4641,"GPR81"
4.328,-1.139,-4.048,0.0001199,0.001974,0.9133,"CSRNP3"
9.17,-1.139,-3.537,0.0006806,0.006587,-0.6911,"LOC643763"
2.726,-1.14,-2.803,0.006377,0.03282,-2.717,"HAR1A"
0.2304,-1.143,-3.327,0.001335,0.01063,-1.307,"CRHR2"
7.1,-1.146,-2.814,0.00617,0.032,-2.688,"SYNGR3"
6.47,-1.148,-2.981,0.003814,0.02245,-2.257,"RNF165"
1.166,-1.149,-2.83,0.005908,0.03105,-2.649,"GALNTL6"
1.133,-1.15,-2.885,0.00505,0.02752,-2.509,"ANKRD34C"
1.414,-1.151,-2.983,0.003799,0.02239,-2.254,"NMUR2"
1.945,-1.152,-4.312,4.637e-05,0.001004,1.799,"TCF15"
0.9225,-1.155,-2.803,0.006377,0.03282,-2.717,"PRLHR"
5.275,-1.155,-3.545,0.0006637,0.006485,-0.668,"KCTD8"
1.49,-1.156,-2.831,0.005884,0.03096,-2.645,"LOC100130238"
3.334,-1.157,-2.874,0.005209,0.02826,-2.537,"CTNNA3"
3.071,-1.158,-2.831,0.00588,0.03095,-2.645,"CHAD"
2.139,-1.159,-3.022,0.003384,0.02053,-2.15,"CD300LG"
0.02032,-1.16,-3.657,0.0004586,0.004975,-0.3282,"LOC646627"
8.243,-1.16,-3.127,0.002472,0.01645,-1.867,"C20orf103"
4.348,-1.16,-4.492,2.383e-05,0.0006548,2.421,"ZIC3"
8.133,-1.161,-3.439,0.0009359,0.008253,-0.983,"SERPINI1"
5.412,-1.161,-3.261,0.00164,0.01221,-1.494,"C1QTNF4"
12.62,-1.162,-3.708,0.0003863,0.00441,-0.1702,"ALDOC"
6.63,-1.162,-5.08,2.467e-06,0.0001345,4.554,"RUNDC3B"
6.337,-1.165,-3.977,0.0001538,0.002333,0.6818,"TUBA8"
3.325,-1.166,-3.748,0.0003382,0.003994,-0.04744,"NKAIN3"
2.099,-1.166,-2.704,0.00839,0.03998,-2.96,"SCARNA10"
7.721,-1.167,-3.752,0.0003336,0.003962,-0.03471,"NALCN"
7.602,-1.167,-3.484,0.0008085,0.007439,-0.8491,"GRM3"
4.292,-1.169,-3.38,0.00113,0.009453,-1.155,"ISM1"
7.963,-1.171,-3.892,0.0002062,0.002868,0.41,"SLC1A1"
0.575,-1.176,-3.804,0.0002796,0.00352,0.1283,"LOC116437"
0.7905,-1.177,-2.609,0.01086,0.04791,-3.188,"FADS6"
4.497,-1.18,-3.245,0.001723,0.01267,-1.54,"FAM133A"
8.715,-1.181,-3.405,0.001042,0.008919,-1.081,"SCN3A"
1.257,-1.183,-2.796,0.006496,0.03325,-2.734,"KCNG4"
1.052,-1.184,-2.611,0.01081,0.04775,-3.184,"CTXN3"
6.306,-1.186,-3.26,0.001646,0.01224,-1.498,"RLBP1"
8.08,-1.186,-4.212,6.655e-05,0.001309,1.461,"MMP16"
2.114,-1.189,-3.219,0.00187,0.01344,-1.614,"FLJ32063"
7.902,-1.191,-3.268,0.001607,0.01204,-1.476,"ODZ1"
8.501,-1.192,-2.736,0.007685,0.03752,-2.883,"PSD"
7.658,-1.192,-2.601,0.01108,0.0487,-3.206,"UGT8"
7.435,-1.192,-3.561,0.0006294,0.006236,-0.6194,"PTCHD2"
4.354,-1.194,-2.845,0.005652,0.02998,-2.61,"HFM1"
-0.06873,-1.195,-3.451,0.0008985,0.008026,-0.9457,"LCN15"
1.462,-1.197,-2.702,0.008425,0.04007,-2.964,"LOC148145"
1.381,-1.198,-3.69,0.0004111,0.004618,-0.2275,"GPR21"
6.571,-1.199,-3.816,0.0002686,0.003418,0.1656,"RTN4R"
2.238,-1.2,-2.681,0.008929,0.04165,-3.016,"GDF6"
6.546,-1.201,-4.235,6.14e-05,0.001234,1.537,"COL11A2"
9.374,-1.202,-3.833,0.0002525,0.003273,0.2225,"CACNG7"
6.453,-1.202,-3.024,0.003369,0.02046,-2.146,"BEX5"
6.443,-1.203,-3.522,0.0007155,0.006816,-0.7371,"RASL10A"
3.719,-1.204,-3.539,0.0006755,0.006554,-0.6842,"SLC6A13"
8.822,-1.205,-3.657,0.0004589,0.004975,-0.3289,"STX1B"
6.505,-1.205,-4.496,2.341e-05,0.0006477,2.438,"RAB26"
5.635,-1.205,-2.735,0.007691,0.03754,-2.883,"RFPL1S"
12.84,-1.206,-3.379,0.001133,0.009465,-1.158,"ATP1A2"
5.323,-1.207,-3.28,0.001547,0.01176,-1.441,"LOC400940"
9.636,-1.209,-3.539,0.0006759,0.006555,-0.6848,"PEG3"
0.6947,-1.211,-3.223,0.001844,0.01331,-1.601,"CRYBA2"
7.871,-1.211,-3.596,0.0005614,0.005756,-0.5142,"LRRTM3"
10.56,-1.212,-3.3,0.001453,0.01126,-1.384,"DAAM2"
6.167,-1.214,-3.95,0.000169,0.002492,0.5947,"PLCB4"
8.263,-1.215,-3.978,0.0001531,0.002325,0.6864,"MAST1"
8.307,-1.219,-3.416,0.001007,0.008701,-1.05,"AMPH"
-0.3306,-1.221,-2.694,0.008612,0.04061,-2.984,"DAZ3"
1.724,-1.222,-4.617,1.486e-05,0.0004789,2.864,"ST8SIA6"
4.202,-1.224,-3.322,0.001356,0.01073,-1.321,"VWA2"
1.032,-1.228,-3.02,0.003402,0.02062,-2.155,"HBQ1"
1.434,-1.228,-2.697,0.008561,0.04052,-2.978,"PABPC1L2A"
1.459,-1.229,-3.692,0.0004079,0.004587,-0.2202,"LCN10"
7.416,-1.229,-2.752,0.007348,0.03627,-2.843,"SLCO1A2"
7.464,-1.23,-3.705,0.0003899,0.004431,-0.1788,"KIT"
0.1459,-1.231,-3.356,0.001217,0.009922,-1.223,"CFC1B"
1.225,-1.231,-2.614,0.01073,0.04744,-3.177,"PRRG3"
4.652,-1.232,-3.619,0.0005204,0.005463,-0.4446,"KCTD16"
3.649,-1.232,-3.065,0.002982,0.01882,-2.036,"PCDHA12"
6.497,-1.234,-3.027,0.003339,0.02032,-2.138,"KCNJ9"
1.8,-1.235,-3.281,0.001543,0.01175,-1.439,"SLC26A8"
3.695,-1.235,-2.719,0.008043,0.03871,-2.923,"KCNK9"
4.045,-1.237,-3.948,0.0001703,0.002504,0.5876,"CXXC4"
1.779,-1.239,-3.795,0.0002882,0.003592,0.1002,"LOC374491"
2.99,-1.242,-3.078,0.002865,0.01827,-2,"SCN5A"
0.02035,-1.244,-4.153,8.239e-05,0.001516,1.262,"ADAM29"
6.753,-1.244,-3.754,0.0003308,0.003934,-0.02704,"FLRT1"
1.28,-1.245,-2.886,0.005023,0.02743,-2.504,"TYRP1"
1.027,-1.247,-3.018,0.003424,0.02071,-2.161,"KIAA1486"
4.31,-1.248,-2.647,0.009807,0.04434,-3.098,"EPHA10"
1.212,-1.249,-3.319,0.00137,0.01081,-1.331,"LHX3"
3.884,-1.25,-3.592,0.0005685,0.005802,-0.5259,"KCNK4"
7.657,-1.251,-3.719,0.0003719,0.00426,-0.1352,"FGF14"
3.999,-1.251,-3.394,0.001081,0.00914,-1.115,"SHISA3"
4.556,-1.253,-2.795,0.006513,0.03332,-2.736,"RGR"
9.06,-1.257,-3.807,0.0002765,0.00349,0.1387,"OMG"
10.02,-1.26,-3.378,0.001135,0.009471,-1.159,"SLIT1"
5.596,-1.261,-2.77,0.006995,0.03514,-2.799,"ZNF536"
1.153,-1.262,-3.263,0.001631,0.01216,-1.49,"MC4R"
8.817,-1.264,-2.946,0.004232,0.02422,-2.351,"SYN1"
3.698,-1.264,-2.676,0.009062,0.04208,-3.029,"DAB1"
5.421,-1.27,-4.606,1.55e-05,0.0004918,2.825,"RERGL"
8.945,-1.273,-4.403,3.317e-05,0.0008096,2.112,"ATP8A1"
10.45,-1.273,-3.905,0.0001974,0.002779,0.4508,"BEX1"
7.011,-1.274,-2.911,0.004683,0.02602,-2.441,"C2orf80"
12.53,-1.276,-5.37,7.701e-07,5.98e-05,5.653,"MAP2"
7.398,-1.278,-4.1,9.953e-05,0.001742,1.087,"B4GALT6"
1.253,-1.279,-3.618,0.0005226,0.005477,-0.4484,"NAP1L6"
2.898,-1.279,-3.738,0.0003498,0.004079,-0.07842,"KCNH4"
1.553,-1.28,-2.704,0.008385,0.03997,-2.96,"PGA3"
8.603,-1.28,-3.133,0.002427,0.01625,-1.85,"UNC13A"
8.652,-1.282,-2.905,0.004756,0.02634,-2.455,"EPHB1"
8.879,-1.284,-3.476,0.0008306,0.007585,-0.8738,"RIMS4"
4.629,-1.285,-3.144,0.002346,0.01585,-1.819,"AJAP1"
0.5459,-1.286,-3.057,0.003051,0.01912,-2.057,"SLC25A21"
0.5168,-1.288,-2.783,0.006735,0.03416,-2.766,"FAM153B"
6.683,-1.288,-2.93,0.004429,0.02505,-2.392,"CDK5R2"
5.465,-1.288,-3.29,0.001497,0.0115,-1.412,"FAM155B"
3.796,-1.29,-3.101,0.002675,0.01742,-1.938,"DLK2"
8.667,-1.291,-5.463,5.289e-07,4.773e-05,6.009,"AFAP1L2"
0.8433,-1.291,-3.614,0.0005291,0.005524,-0.4598,"LOC284233"
4.983,-1.292,-2.906,0.00475,0.02631,-2.454,"ONECUT2"
8.522,-1.294,-3.608,0.0005397,0.005582,-0.478,"BSN"
6.254,-1.294,-2.757,0.007246,0.03593,-2.831,"GABRD"
6.573,-1.296,-3.059,0.003028,0.01901,-2.05,"NECAB2"
5.81,-1.296,-3.075,0.002891,0.01839,-2.008,"KCNH8"
2.005,-1.297,-2.69,0.008722,0.04089,-2.995,"CHRNA2"
4.575,-1.297,-2.906,0.004749,0.02631,-2.454,"PTPRR"
2.486,-1.299,-2.765,0.007093,0.0355,-2.812,"CA7"
1.481,-1.301,-3.653,0.0004643,0.005019,-0.3395,"F7"
3.282,-1.304,-3.355,0.001221,0.009947,-1.226,"REM1"
5.634,-1.304,-3.418,0.000999,0.008645,-1.043,"MCF2L2"
5.825,-1.307,-3.567,0.0006179,0.006158,-0.6024,"PDZRN4"
5.999,-1.308,-2.672,0.009148,0.04234,-3.037,"ELAVL4"
0.7368,-1.308,-3.588,0.0005765,0.005855,-0.5386,"C1orf168"
1.015,-1.31,-3.686,0.0004167,0.004668,-0.24,"C8orf85"
8.131,-1.311,-3.433,0.0009521,0.008359,-0.9987,"PPP1R16B"
5.954,-1.313,-3.943,0.0001729,0.002519,0.5736,"PDE1A"
9.175,-1.314,-4.028,0.0001285,0.002067,0.8489,"KIF21B"
4.593,-1.315,-2.811,0.006219,0.03219,-2.695,"C5orf40"
0.6206,-1.319,-3.011,0.003494,0.02103,-2.179,"GALNTL5"
7.254,-1.322,-3.633,0.0004962,0.005255,-0.4008,"CHRNB2"
5.086,-1.322,-3.752,0.0003334,0.003962,-0.03424,"VWA5B2"
9.381,-1.322,-4.582,1.695e-05,0.0005211,2.74,"ATP6V1G2"
5.699,-1.324,-3.153,0.002288,0.01555,-1.797,"HIST3H2A"
4.962,-1.324,-3.79,0.0002932,0.003624,0.08445,"GALNT14"
8.006,-1.325,-3.176,0.002134,0.01477,-1.733,"ERBB3"
2.629,-1.326,-2.706,0.00835,0.03985,-2.956,"KCNA4"
7.713,-1.329,-2.97,0.003945,0.02301,-2.288,"GNG3"
1.431,-1.329,-2.955,0.004121,0.02376,-2.327,"FEV"
4.217,-1.331,-2.954,0.004138,0.02382,-2.331,"MYOT"
2.399,-1.332,-3.152,0.00229,0.01555,-1.797,"RANBP17"
2.788,-1.333,-2.821,0.006061,0.03165,-2.672,"GLIS1"
3.796,-1.334,-3.298,0.001463,0.01132,-1.391,"RPRML"
4.204,-1.334,-2.942,0.004278,0.0244,-2.36,"GREM2"
3.659,-1.334,-2.744,0.0075,0.03681,-2.861,"FEZF2"
7.872,-1.335,-2.96,0.004058,0.02347,-2.313,"NEU4"
0.9119,-1.335,-3.027,0.00334,0.02032,-2.138,"HTR1E"
2.537,-1.336,-3.636,0.0004922,0.005227,-0.3934,"SYCP2L"
11.68,-1.339,-3.612,0.000532,0.005542,-0.4648,"OLIG1"
10.93,-1.34,-4.3,4.835e-05,0.001035,1.76,"RTN1"
8.798,-1.342,-2.937,0.004346,0.02467,-2.375,"GABBR2"
6.752,-1.343,-2.637,0.01006,0.0452,-3.12,"KIAA1045"
7.637,-1.343,-3.873,0.0002206,0.002994,0.3475,"CSDC2"
14.21,-1.343,-3.125,0.002491,0.01653,-1.874,"BCAN"
1.163,-1.344,-4.393,3.435e-05,0.0008266,2.079,"DLX3"
8.727,-1.344,-4.499,2.323e-05,0.0006453,2.445,"RAPGEF4"
8.035,-1.346,-3.398,0.001067,0.00907,-1.103,"GPR123"
1.771,-1.349,-3.148,0.002319,0.0157,-1.809,"LOC285954"
4.261,-1.352,-2.821,0.006052,0.03161,-2.671,"CACNA1I"
7.758,-1.353,-3.929,0.0001816,0.002615,0.5278,"FGF12"
3.367,-1.355,-2.823,0.006017,0.03147,-2.665,"GDF10"
2.25,-1.355,-4.366,3.799e-05,0.0008704,1.985,"MYCNOS"
5.146,-1.356,-3.444,0.0009197,0.008155,-0.967,"GNAL"
3.554,-1.357,-3.516,0.00073,0.006903,-0.7555,"KCNJ12"
6.06,-1.359,-2.868,0.005292,0.02859,-2.551,"GFRA1"
4.581,-1.36,-3.145,0.002344,0.01584,-1.819,"MYO7B"
6.93,-1.362,-4.102,9.879e-05,0.001731,1.093,"KCNK2"
6.474,-1.362,-3.321,0.001361,0.01076,-1.325,"SNCG"
11,-1.365,-4.136,8.76e-05,0.001578,1.205,"SCG3"
4.874,-1.366,-3.203,0.00196,0.01384,-1.657,"ZC3H12B"
4.228,-1.366,-3.44,0.000932,0.008226,-0.9792,"SAMD11"
3.045,-1.369,-3.109,0.00261,0.01709,-1.916,"TMEM233"
1.096,-1.371,-3.874,0.0002197,0.002987,0.3512,"ESRP1"
4.191,-1.374,-2.823,0.006022,0.03149,-2.666,"LRRC7"
1.502,-1.376,-3.195,0.002009,0.01411,-1.679,"FLJ40330"
7.351,-1.378,-3.274,0.001576,0.0119,-1.459,"UBE2QL1"
6.725,-1.381,-4.035,0.0001253,0.002027,0.8725,"ADAM11"
0.9228,-1.382,-3.398,0.001067,0.00907,-1.103,"XKR7"
7.996,-1.384,-2.798,0.006463,0.03312,-2.729,"SHD"
6.766,-1.385,-3.765,0.0003192,0.003822,0.006019,"FAM155A"
1.763,-1.386,-2.658,0.009516,0.04342,-3.072,"PAX7"
1.531,-1.386,-2.828,0.005933,0.03115,-2.653,"SDR16C5"
8.333,-1.387,-4.356,3.948e-05,0.0008914,1.949,"RAB3A"
6.438,-1.388,-3.862,0.0002292,0.003077,0.3123,"GRIN2C"
7.276,-1.388,-4.133,8.855e-05,0.001591,1.195,"RAB33A"
10.07,-1.392,-4.205,6.84e-05,0.001326,1.436,"SYP"
7.538,-1.392,-3.637,0.00049,0.005216,-0.3892,"TMEM151B"
7.497,-1.394,-3.9,0.0002011,0.002815,0.4336,"CASKIN1"
4.787,-1.394,-2.856,0.005482,0.02934,-2.582,"LOC153328"
4.096,-1.395,-2.721,0.007994,0.03857,-2.918,"FSTL4"
8.299,-1.396,-3.088,0.002779,0.01787,-1.973,"SEZ6L"
6.903,-1.397,-3.077,0.002877,0.01833,-2.004,"DSCAML1"
1.001,-1.401,-3.225,0.001831,0.01325,-1.595,"LMX1B"
8.426,-1.403,-3.096,0.002715,0.01758,-1.951,"FLJ16779"
8.056,-1.404,-5.115,2.148e-06,0.0001233,4.685,"RCOR2"
7.381,-1.406,-4.27,5.392e-05,0.001122,1.658,"FAM57B"
1.749,-1.408,-2.668,0.00926,0.04266,-3.048,"CACNG2"
2.736,-1.408,-3.573,0.000605,0.006059,-0.583,"SFTPC"
0.5671,-1.409,-3.946,0.000171,0.002508,0.5838,"PGA5"
2.213,-1.41,-3.621,0.0005165,0.005427,-0.4376,"IL1RAPL1"
9.442,-1.41,-3.258,0.001656,0.01229,-1.503,"NRGN"
1.266,-1.414,-3.178,0.002121,0.0147,-1.728,"KCNH5"
5.599,-1.416,-2.786,0.006672,0.03389,-2.757,"SH3GL3"
13.22,-1.416,-3.437,0.0009427,0.008298,-0.9896,"PLP1"
3.861,-1.42,-2.611,0.01081,0.04774,-3.184,"C1QL2"
3.456,-1.422,-3.637,0.0004903,0.005216,-0.3897,"DUSP9"
2.797,-1.422,-3.316,0.00138,0.01087,-1.337,"LOC338651"
7.856,-1.423,-3.92,0.0001876,0.002681,0.4976,"MGAT5B"
8.204,-1.426,-3.891,0.0002073,0.002879,0.4052,"PDE2A"
1.626,-1.429,-3.556,0.0006406,0.006319,-0.6356,"ZNF492"
1.039,-1.429,-2.8,0.006427,0.033,-2.724,"TNNT2"
5.847,-1.43,-4.301,4.82e-05,0.001034,1.763,"PLCXD2"
6.684,-1.431,-3.15,0.002308,0.01565,-1.804,"KCNQ5"
1.082,-1.431,-3.216,0.001883,0.0135,-1.62,"EPHA6"
10.83,-1.435,-3.774,0.0003091,0.003745,0.03581,"OLIG2"
8.049,-1.436,-3.248,0.001707,0.01259,-1.531,"PHACTR3"
3.864,-1.437,-3.845,0.0002429,0.003204,0.2585,"CYP4X1"
7.492,-1.437,-3.524,0.000711,0.00678,-0.7313,"NRSN1"
8.118,-1.442,-4.105,9.771e-05,0.001717,1.104,"BRSK2"
2.8,-1.444,-2.886,0.005032,0.02746,-2.506,"EMX1"
10.13,-1.446,-2.86,0.005424,0.02911,-2.573,"SNAP25"
5.738,-1.448,-3.111,0.002595,0.01703,-1.911,"CABP1"
4.904,-1.45,-3.768,0.0003153,0.003802,0.0173,"CXorf1"
2.486,-1.451,-3.854,0.0002353,0.003144,0.2881,"MIMT1"
4.537,-1.451,-2.994,0.003679,0.02183,-2.225,"TMEM155"
5.547,-1.455,-4.092,0.0001023,0.001762,1.061,"RGS7BP"
11.07,-1.458,-3.332,0.001314,0.0105,-1.293,"TUBB4"
3.118,-1.46,-3.376,0.001144,0.009517,-1.167,"ZNF257"
0.4191,-1.46,-4.139,8.655e-05,0.001567,1.217,"IL1RAPL2"
8.223,-1.464,-3.067,0.002957,0.01871,-2.029,"HPCAL4"
4.615,-1.467,-3.657,0.0004587,0.004975,-0.3284,"LPAR4"
9.77,-1.469,-3.563,0.0006261,0.006213,-0.6145,"AGAP2"
1.178,-1.47,-4.952,4.09e-06,0.0001928,4.077,"ZNF556"
7.504,-1.471,-3.83,0.0002555,0.003299,0.2117,"FERMT1"
3.815,-1.471,-3.002,0.003594,0.02149,-2.204,"GABRQ"
8.6,-1.472,-5.532,3.978e-07,4.072e-05,6.278,"PLCB1"
3.776,-1.473,-3.42,0.0009925,0.008592,-1.037,"CRHR1"
4.888,-1.475,-4.585,1.681e-05,0.0005182,2.748,"SYN3"
3.683,-1.475,-3.057,0.003047,0.0191,-2.055,"MCF2"
6.687,-1.476,-3.834,0.0002523,0.003272,0.2232,"CSMD1"
7.895,-1.478,-4.863,5.777e-06,0.0002412,3.752,"HLF"
9.114,-1.48,-4.805,7.25e-06,0.0002875,3.539,"CPNE5"
1.744,-1.481,-3.289,0.001502,0.01152,-1.415,"RXFP1"
2.149,-1.482,-3.285,0.001524,0.01164,-1.428,"FABP6"
0.3434,-1.484,-3.873,0.0002207,0.002994,0.3474,"SMPX"
9.942,-1.494,-4.933,4.406e-06,0.0002016,4.007,"LINGO1"
7.154,-1.495,-4.081,0.0001067,0.001815,1.022,"ENPP6"
2.172,-1.495,-4.525,2.108e-05,0.0006019,2.536,"MGC16025"
3.162,-1.496,-3.276,0.001566,0.01183,-1.453,"ADAD2"
5.615,-1.497,-3.047,0.003145,0.0195,-2.084,"RALYL"
0.3416,-1.497,-4.043,0.000122,0.001994,0.8973,"FRMPD2L1"
6.317,-1.501,-3.573,0.0006063,0.006066,-0.585,"NEURL"
5.992,-1.501,-3.87,0.0002227,0.003015,0.339,"RICH2"
3.698,-1.502,-2.762,0.007137,0.03559,-2.817,"FAM123C"
4.712,-1.502,-3.681,0.0004237,0.004728,-0.2552,"CNTN4"
4.978,-1.503,-2.904,0.00477,0.02641,-2.458,"KCNA1"
2.745,-1.508,-3.39,0.001093,0.009215,-1.125,"AQP7P1"
3.831,-1.51,-3.152,0.002289,0.01555,-1.797,"FSTL5"
3.242,-1.513,-2.938,0.004325,0.02459,-2.37,"HILS1"
2.928,-1.513,-3.31,0.001408,0.01102,-1.356,"RP1.177G6.2"
2.532,-1.515,-4.24,6.025e-05,0.001222,1.554,"ACRV1"
5.657,-1.516,-3.39,0.001094,0.00922,-1.126,"RIMS1"
6.439,-1.518,-3.534,0.0006867,0.006616,-0.6994,"RPRM"
4.866,-1.521,-3.067,0.002959,0.01871,-2.029,"UNC5D"
4.503,-1.525,-3.114,0.002573,0.01694,-1.903,"PABPC5"
4.046,-1.527,-3.549,0.0006545,0.006436,-0.6553,"CYP27C1"
7.703,-1.53,-4.122,9.198e-05,0.001631,1.16,"GDAP1L1"
9.465,-1.53,-4.249,5.829e-05,0.001191,1.585,"NRXN1"
1.88,-1.53,-3.243,0.001733,0.01272,-1.545,"VAX1"
8.28,-1.532,-4.238,6.06e-05,0.001226,1.549,"PRKCZ"
7.165,-1.533,-4.094,0.0001019,0.001758,1.065,"ARPP21"
0.546,-1.534,-4.218,6.529e-05,0.001287,1.479,"ADAMTS20"
9.184,-1.537,-4.204,6.869e-05,0.00133,1.432,"STMN4"
8.963,-1.539,-3.13,0.002453,0.01637,-1.86,"KCNQ2"
5.831,-1.542,-4.557,1.865e-05,0.0005565,2.651,"RTN4RL2"
2.347,-1.547,-2.941,0.004285,0.02442,-2.362,"LOC151009"
1.972,-1.548,-2.692,0.008674,0.04074,-2.99,"TMEM189.UBE2V1"
6.029,-1.549,-2.628,0.01032,0.04611,-3.143,"CHD5"
2.414,-1.553,-3.297,0.001466,0.01133,-1.393,"PTGER3"
3.688,-1.555,-2.958,0.004084,0.02358,-2.319,"HRH3"
4.414,-1.557,-3.813,0.0002706,0.003437,0.1587,"FGF9"
5.915,-1.558,-3.061,0.003015,0.01897,-2.046,"ICAM5"
7.892,-1.559,-3.384,0.001114,0.009341,-1.142,"NXPH1"
4.613,-1.56,-2.832,0.005864,0.03089,-2.642,"C2orf85"
6.118,-1.562,-3.039,0.003216,0.01977,-2.104,"FGF13"
4.37,-1.566,-4.47,2.589e-05,0.0006846,2.344,"TPTE2P1"
5.376,-1.572,-3.247,0.001713,0.01261,-1.534,"GPR12"
1.527,-1.575,-2.999,0.003621,0.02159,-2.211,"SOHLH1"
7.117,-1.576,-3.392,0.001086,0.009171,-1.119,"MSTN"
7.631,-1.577,-4.278,5.245e-05,0.001102,1.684,"ST6GAL2"
9.054,-1.577,-2.726,0.007904,0.03827,-2.908,"SMOC1"
5.318,-1.578,-4.279,5.224e-05,0.001098,1.687,"FAM19A2"
3.358,-1.582,-2.675,0.009094,0.04215,-3.032,"C1QL3"
4.489,-1.583,-2.611,0.01081,0.04774,-3.184,"NEUROD2"
4.507,-1.583,-3.384,0.001115,0.009345,-1.143,"CDH8"
5.708,-1.583,-2.81,0.006241,0.03226,-2.698,"GABRB2"
3.428,-1.584,-2.865,0.005349,0.02883,-2.56,"SLC17A8"
6.84,-1.586,-2.912,0.004671,0.02597,-2.439,"SLC6A17"
8.265,-1.587,-3.429,0.0009654,0.008435,-1.011,"ACCN4"
1.273,-1.587,-4.111,9.567e-05,0.001688,1.123,"SCUBE1"
7.786,-1.587,-3.144,0.00235,0.01585,-1.821,"AGXT2L1"
2.439,-1.589,-3.078,0.002866,0.01827,-2,"KCNS2"
6.334,-1.591,-5.232,1.347e-06,9.057e-05,5.125,"SSTR2"
8.333,-1.592,-3.099,0.002694,0.0175,-1.944,"DCX"
6.183,-1.592,-4.763,8.508e-06,0.0003236,3.388,"LRRTM1"
9.105,-1.592,-3.832,0.0002536,0.003282,0.2187,"TAGLN3"
8.025,-1.6,-3.378,0.001136,0.009474,-1.16,"LPPR1"
3.025,-1.606,-2.913,0.004647,0.02589,-2.435,"PABPC1L2B"
2.799,-1.607,-3.126,0.002481,0.01648,-1.87,"VIP"
5.065,-1.611,-3.851,0.0002379,0.003165,0.2778,"KCNB1"
1.047,-1.614,-4.105,9.798e-05,0.001718,1.101,"NT5C1A"
1.931,-1.616,-3.917,0.0001892,0.002697,0.4897,"INSM2"
4.364,-1.617,-3.158,0.002253,0.01538,-1.783,"ZSCAN1"
6.926,-1.624,-3.506,0.0007531,0.007064,-0.784,"SHISA7"
5.924,-1.627,-2.859,0.005439,0.02917,-2.575,"SLC8A2"
3.891,-1.63,-3.018,0.003424,0.02071,-2.161,"OLFM3"
4.126,-1.632,-3.748,0.0003378,0.003994,-0.04641,"MUM1L1"
0.5858,-1.633,-3.953,0.0001668,0.002469,0.6066,"DCAF12L2"
6.109,-1.634,-3.589,0.000575,0.005847,-0.5363,"LRRTM4"
6.126,-1.635,-3.488,0.0007983,0.007375,-0.8374,"SHANK2"
4.398,-1.637,-2.982,0.003804,0.02241,-2.255,"CSMD3"
6.995,-1.641,-4.293,4.97e-05,0.00106,1.734,"MMP17"
1.952,-1.642,-3.453,0.0008929,0.007987,-0.9399,"DOC2B"
8.806,-1.642,-3.231,0.0018,0.01309,-1.579,"DLL3"
6.76,-1.642,-4.39,3.484e-05,0.0008323,2.066,"GULP1"
6.374,-1.642,-4.869,5.648e-06,0.0002371,3.773,"BCL11A"
3.654,-1.642,-3.737,0.0003503,0.004081,-0.07994,"DCT"
5.336,-1.643,-3.52,0.0007197,0.006839,-0.7424,"HES5"
1.354,-1.643,-3.414,0.001012,0.008732,-1.055,"NLRP11"
6.872,-1.647,-2.719,0.008055,0.03875,-2.924,"PACSIN1"
8.373,-1.654,-4.159,8.059e-05,0.001491,1.283,"GAD1"
1.167,-1.655,-4.262,5.553e-05,0.001145,1.63,"LOC285696"
0.72,-1.659,-4.361,3.864e-05,0.0008782,1.969,"LOC283392"
6.252,-1.659,-2.968,0.003972,0.02314,-2.294,"CELF4"
5.943,-1.659,-2.62,0.01055,0.04682,-3.162,"LOC154822"
6.153,-1.662,-2.681,0.008937,0.04168,-3.016,"SULT4A1"
2.295,-1.666,-2.899,0.004838,0.02671,-2.471,"PVALB"
5.385,-1.668,-3.273,0.001579,0.01192,-1.46,"IQSEC3"
3.053,-1.668,-2.679,0.008973,0.0418,-3.02,"SLC6A7"
0.8499,-1.67,-4.572,1.764e-05,0.0005357,2.704,"GJD2"
11.18,-1.673,-5.023,3.092e-06,0.0001562,4.341,"SOX8"
4.993,-1.677,-2.917,0.004596,0.02573,-2.425,"CAMK1G"
4.062,-1.677,-3.243,0.001732,0.01272,-1.544,"CDR1"
4.271,-1.678,-3.711,0.0003829,0.004376,-0.162,"MDGA2"
3.718,-1.678,-3.207,0.001938,0.01374,-1.646,"SCRT2"
6.06,-1.68,-3.392,0.001087,0.009171,-1.119,"ELAVL2"
2.235,-1.684,-2.691,0.008696,0.0408,-2.992,"IRX2"
5.338,-1.687,-2.879,0.005131,0.02791,-2.523,"LOC84856"
8.794,-1.687,-3.021,0.003395,0.02059,-2.153,"SYT1"
1.343,-1.692,-3.455,0.0008886,0.007965,-0.9356,"KCNB2"
2.5,-1.693,-3.511,0.0007411,0.006985,-0.7692,"GRM4"
5.036,-1.694,-3.099,0.002687,0.01746,-1.942,"LOC157627"
6.749,-1.695,-2.974,0.003893,0.02279,-2.276,"WNK2"
3.389,-1.697,-3.165,0.002202,0.01512,-1.762,"GRM7"
2.937,-1.707,-2.684,0.008852,0.04136,-3.008,"SLC17A6"
1.216,-1.71,-4.266,5.48e-05,0.001137,1.643,"GNG13"
6.926,-1.71,-3.329,0.001325,0.01057,-1.301,"TMEFF2"
3.542,-1.712,-4.918,4.669e-06,0.0002087,3.953,"MGC2889"
8.909,-1.713,-4.369,3.76e-05,0.0008671,1.995,"JPH4"
5.218,-1.717,-3.377,0.001139,0.009479,-1.162,"SCRT1"
4.551,-1.719,-3.751,0.000334,0.003962,-0.03579,"TRIM67"
2.549,-1.721,-3.7,0.0003975,0.004495,-0.1965,"C9orf4"
6.206,-1.721,-3.97,0.0001576,0.002373,0.6592,"FBLL1"
7.459,-1.725,-5.722,1.816e-07,2.299e-05,7.021,"DLGAP1"
4.009,-1.726,-3.117,0.002548,0.01681,-1.894,"GLRA2"
8.503,-1.726,-4.453,2.755e-05,0.0007148,2.286,"KCND2"
7.073,-1.728,-3.38,0.001128,0.009435,-1.153,"CELF5"
0.7239,-1.73,-3.54,0.0006739,0.006545,-0.6821,"MCHR2"
6.174,-1.732,-3.876,0.0002183,0.002976,0.3572,"CALN1"
6.581,-1.734,-3.8,0.0002829,0.003545,0.1175,"C9orf125"
5.504,-1.739,-5.365,7.87e-07,6.036e-05,5.633,"ZNF804A"
2.962,-1.746,-3.315,0.001387,0.0109,-1.342,"GPR22"
2.18,-1.746,-3.662,0.000451,0.004926,-0.3129,"CDH12"
7.226,-1.747,-3.883,0.0002132,0.002932,0.379,"CNTNAP2"
3.712,-1.75,-2.968,0.003969,0.02312,-2.293,"CLEC2L"
6.722,-1.751,-4.692,1.117e-05,0.000388,3.132,"NKAIN1"
7.086,-1.752,-3.793,0.0002903,0.003604,0.09379,"BTBD17"
7.438,-1.752,-5.198,1.545e-06,9.94e-05,4.995,"MPPED2"
6.128,-1.755,-6.158,2.893e-08,6.589e-06,8.764,"PDE10A"
4.156,-1.756,-2.758,0.007223,0.0359,-2.828,"PNOC"
4.391,-1.757,-3.248,0.001709,0.0126,-1.532,"CUX2"
9.654,-1.761,-4.979,3.673e-06,0.0001789,4.179,"GRIA2"
1.097,-1.762,-3.993,0.0001453,0.00225,0.7347,"ABCC12"
5.688,-1.762,-3.532,0.0006917,0.006651,-0.706,"GABRA3"
1.03,-1.764,-4.843,6.257e-06,0.000255,3.677,"RBP3"
8.183,-1.766,-3.22,0.001859,0.01339,-1.609,"NPTX1"
5.199,-1.772,-2.596,0.01125,0.0492,-3.219,"SYNPR"
4.87,-1.773,-5.775,1.456e-07,1.963e-05,7.231,"KCNMB2"
4.231,-1.774,-4.177,7.57e-05,0.001426,1.341,"ASB5"
3.941,-1.781,-2.784,0.006721,0.0341,-2.764,"GAD2"
2.379,-1.783,-4.162,7.968e-05,0.00148,1.294,"ZNF208"
7.9,-1.787,-3.169,0.002175,0.01498,-1.751,"LUZP2"
9.719,-1.788,-5.439,5.816e-07,5.031e-05,5.919,"CNTN1"
4.504,-1.789,-3.476,0.000829,0.007574,-0.872,"SPHKAP"
7.347,-1.79,-3.562,0.0006279,0.006224,-0.6171,"CELF3"
5.19,-1.8,-4.15,8.323e-05,0.001528,1.253,"CLVS1"
8.766,-1.8,-5.719,1.838e-07,2.312e-05,7.01,"CADM2"
1.947,-1.803,-3.365,0.001182,0.009702,-1.196,"CDH9"
3.738,-1.803,-3.56,0.0006317,0.006253,-0.6227,"TMEM196"
4.023,-1.805,-2.94,0.004309,0.02452,-2.367,"KCNT1"
3.251,-1.806,-3.043,0.00318,0.01965,-2.094,"TMEM132D"
5.4,-1.809,-3.48,0.0008206,0.007511,-0.8627,"GABRA2"
7.069,-1.809,-3.373,0.001154,0.009545,-1.174,"ELFN2"
8.174,-1.81,-2.837,0.00579,0.03058,-2.631,"CPLX2"
5.136,-1.814,-3.681,0.0004228,0.004723,-0.2534,"PCP4L1"
6.156,-1.816,-4.186,7.319e-05,0.001396,1.373,"STXBP5L"
6.12,-1.817,-3.195,0.002013,0.01413,-1.68,"FXYD7"
7.134,-1.82,-5.381,7.378e-07,5.818e-05,5.694,"KCNIP2"
0.5554,-1.827,-5.479,4.947e-07,4.631e-05,6.072,"OPRD1"
7.036,-1.832,-3.276,0.001563,0.01183,-1.451,"GABRB3"
2.32,-1.834,-3.253,0.001684,0.01245,-1.518,"HTR5A"
3.651,-1.835,-3.031,0.003299,0.02013,-2.127,"POU4F1"
4.376,-1.837,-4.034,0.0001257,0.002031,0.8692,"DCC"
6.164,-1.838,-3.786,0.0002971,0.003652,0.0724,"ABCC8"
9.09,-1.838,-5.354,8.233e-07,6.205e-05,5.59,"RUNDC3A"
7.63,-1.841,-5.891,8.963e-08,1.414e-05,7.69,"DUSP26"
6.395,-1.845,-3.121,0.002518,0.01664,-1.883,"SYT13"
5.335,-1.846,-4.142,8.557e-05,0.001555,1.227,"EDN3"
7.472,-1.847,-4.597,1.605e-05,0.000503,2.792,"CPLX1"
4.198,-1.854,-4.227,6.319e-05,0.001263,1.51,"ATP13A5"
3.945,-1.854,-3.905,0.0001972,0.002778,0.4517,"LRFN2"
4.56,-1.855,-4.618,1.479e-05,0.0004775,2.869,"PRSS3"
2.773,-1.857,-3.055,0.003071,0.01919,-2.063,"NR0B1"
7.766,-1.858,-2.749,0.007417,0.03652,-2.851,"COL20A1"
4.623,-1.863,-2.752,0.007337,0.03623,-2.842,"SVOP"
3.576,-1.872,-4.536,2.022e-05,0.0005848,2.575,"FGF17"
5.661,-1.872,-3.474,0.0008365,0.007619,-0.8803,"KIAA1644"
1.259,-1.874,-3.944,0.0001724,0.002516,0.5763,"PRKG2"
5.987,-1.875,-3.158,0.002253,0.01538,-1.783,"CRYM"
4.67,-1.877,-3.776,0.0003075,0.00373,0.0404,"AFF2"
3.591,-1.884,-3.779,0.0003046,0.003709,0.04928,"DACH2"
6.152,-1.89,-4.98,3.659e-06,0.0001786,4.182,"RASL11B"
4.647,-1.895,-3.18,0.002103,0.0146,-1.72,"PRKCG"
3.967,-1.899,-3.632,0.0004981,0.005269,-0.4042,"KCNJ3"
7.627,-1.903,-5.406,6.664e-07,5.464e-05,5.79,"DGKB"
5.09,-1.906,-3.851,0.0002382,0.003165,0.2766,"CHRNA4"
1.863,-1.906,-3.789,0.0002938,0.003629,0.08243,"HTR2C"
10.08,-1.906,-4.754,8.833e-06,0.0003303,3.353,"NKAIN4"
2.348,-1.907,-3.402,0.001054,0.008992,-1.092,"TRHDE"
0.8042,-1.909,-4.88,5.423e-06,0.0002311,3.812,"MARCH11"
3.175,-1.909,-3.842,0.0002449,0.003223,0.2508,"RAB3C"
4.784,-1.918,-3.587,0.0005778,0.005861,-0.5408,"SLC30A3"
4.244,-1.921,-3.361,0.001199,0.00982,-1.21,"LPPR3"
7.067,-1.923,-6.452,8.178e-09,2.579e-06,9.963,"KCNIP4"
10.08,-1.927,-3.969,0.000158,0.002376,0.6568,"ATP1A3"
5.51,-1.932,-3.839,0.0002482,0.003237,0.2385,"KIAA1543"
5.484,-1.935,-4.301,4.82e-05,0.001034,1.763,"NPPA"
3.656,-1.938,-4.459,2.697e-05,0.0007052,2.306,"GPR83"
1.134,-1.939,-4.698,1.093e-05,0.0003831,3.153,"ZNF98"
8.688,-1.94,-4.594,1.625e-05,0.0005064,2.78,"TMEM132B"
2.763,-1.942,-4.206,6.804e-05,0.001324,1.441,"HSPB3"
1.087,-1.949,-4.095,0.0001014,0.001758,1.069,"KLHL1"
9.201,-1.949,-3.687,0.0004144,0.004645,-0.2349,"ATCAY"
6.696,-1.95,-3.765,0.0003192,0.003822,0.006084,"MYT1"
2.587,-1.956,-4.859,5.879e-06,0.0002445,3.736,"PTH2R"
1.972,-1.974,-2.921,0.004548,0.02556,-2.415,"C5orf38"
6.286,-1.979,-3.43,0.0009611,0.008424,-1.007,"TNR"
4.108,-1.987,-4.233,6.17e-05,0.001239,1.532,"HTR2A"
4.308,-1.988,-2.966,0.003992,0.02323,-2.298,"MAL2"
3.016,-1.988,-3.489,0.0007951,0.007361,-0.8337,"ATP8A2"
8.426,-1.989,-4.893,5.141e-06,0.0002219,3.862,"ZDHHC22"
0.6713,-1.993,-3.749,0.0003369,0.00399,-0.04392,"LOC146481"
6.771,-1.996,-4.007,0.0001385,0.002178,0.779,"ZNF488"
4.365,-2.003,-3.607,0.0005405,0.005588,-0.4794,"LRFN5"
3.482,-2.004,-4.316,4.563e-05,0.0009931,1.814,"LOC441666"
3.709,-2.007,-2.848,0.005609,0.02984,-2.603,"CACNG3"
4.617,-2.017,-3.5,0.0007687,0.007179,-0.8027,"SEMA3D"
4.613,-2.024,-2.773,0.006931,0.0349,-2.791,"OPALIN"
5.734,-2.026,-2.924,0.004507,0.02539,-2.407,"NEFM"
3.829,-2.026,-3.469,0.0008486,0.007704,-0.8934,"WSCD2"
1.393,-2.028,-4.224,6.387e-05,0.001271,1.5,"ATP6V0A4"
4.506,-2.029,-2.849,0.005596,0.02981,-2.601,"CALY"
1.214,-2.029,-4.348,4.061e-05,0.0009097,1.923,"LOC440040"
3.39,-2.031,-3.346,0.001257,0.01018,-1.252,"UNC13C"
5.536,-2.033,-3.853,0.0002359,0.003147,0.2854,"GALNT9"
8.292,-2.035,-3.61,0.0005359,0.005559,-0.4715,"HMP19"
4.234,-2.047,-3.635,0.0004928,0.005229,-0.3945,"RYR2"
7.125,-2.048,-3.156,0.002263,0.01542,-1.787,"SYN2"
6.114,-2.058,-3.506,0.0007527,0.007064,-0.7835,"PTPN5"
6.168,-2.06,-2.998,0.003634,0.02164,-2.214,"PCSK2"
8.011,-2.061,-5.407,6.62e-07,5.464e-05,5.796,"PCDH7"
4.262,-2.063,-3.52,0.0007189,0.006839,-0.7414,"RIMS2"
5.734,-2.066,-4.907,4.878e-06,0.0002129,3.911,"DOK6"
4.641,-2.068,-3.653,0.0004651,0.005019,-0.3411,"PAK7"
6.477,-2.078,-5.147,1.888e-06,0.0001139,4.806,"MMD2"
6.129,-2.096,-4.178,7.519e-05,0.001421,1.348,"ARHGDIG"
6.46,-2.111,-4.327,4.379e-05,0.0009612,1.852,"SLITRK1"
0.9472,-2.112,-4.615,1.5e-05,0.0004828,2.855,"ZNF676"
2.646,-2.122,-3.207,0.001935,0.01373,-1.645,"GPR26"
0.7203,-2.124,-5.989,5.918e-08,1.056e-05,8.084,"CHRM2"
2.885,-2.126,-3.913,0.0001918,0.002723,0.4774,"CBLN1"
6.395,-2.134,-3.819,0.0002654,0.003384,0.1765,"JPH3"
7.156,-2.136,-4.098,0.0001004,0.00175,1.078,"CAMKV"
3.122,-2.137,-4.61,1.528e-05,0.0004883,2.838,"CNTNAP5"
4.351,-2.147,-4.368,3.77e-05,0.0008674,1.992,"EMID2"
3.172,-2.155,-3.375,0.001148,0.009531,-1.17,"HMX1"
3.113,-2.156,-3.532,0.0006928,0.006659,-0.7075,"FAM163B"
9.361,-2.18,-5.678,2.177e-07,2.595e-05,6.849,"GRIA4"
5.184,-2.181,-3.744,0.0003424,0.00402,-0.05869,"CHRM1"
4.279,-2.186,-5.167,1.747e-06,0.0001085,4.88,"NPM2"
5.906,-2.187,-2.854,0.005506,0.02944,-2.586,"GRIN1"
6.347,-2.193,-5.467,5.196e-07,4.736e-05,6.026,"SUSD5"
9.237,-2.197,-4.602,1.575e-05,0.0004959,2.81,"BAI1"
6.133,-2.217,-3.282,0.001535,0.0117,-1.435,"CHGA"
4.636,-2.232,-4.446,2.823e-05,0.0007216,2.263,"HECW1"
5.147,-2.234,-4.485,2.447e-05,0.0006644,2.397,"NEUROD1"
2.355,-2.238,-4.376,3.667e-05,0.0008544,2.018,"BEND4"
5.092,-2.239,-3.917,0.0001897,0.0027,0.4877,"USH1C"
2.385,-2.251,-4.076,0.0001083,0.001836,1.008,"TLX1"
8.195,-2.26,-4.052,0.000118,0.001956,0.928,"RPH3A"
7.929,-2.264,-3.227,0.001822,0.01321,-1.59,"SLC17A7"
4.285,-2.265,-3.676,0.00043,0.004775,-0.2688,"CACNA1B"
3.766,-2.27,-4.324,4.437e-05,0.0009708,1.84,"SLITRK4"
4.427,-2.281,-4.967,3.849e-06,0.0001848,4.135,"KLRC3"
3.249,-2.294,-6.145,3.056e-08,6.776e-06,8.711,"RIPPLY2"
1.895,-2.308,-4.096,0.0001011,0.001756,1.072,"ZNF560"
8.021,-2.312,-5.687,2.098e-07,2.53e-05,6.885,"OPCML"
1.466,-2.329,-4.67,1.216e-05,0.0004127,3.052,"KLRC4"
4.906,-2.33,-4.177,7.564e-05,0.001426,1.342,"NETO1"
5.507,-2.33,-4.637,1.378e-05,0.0004533,2.935,"TTC9B"
5.282,-2.34,-3.554,0.0006442,0.006347,-0.6408,"ACTL6B"
2.236,-2.35,-4.649,1.317e-05,0.0004369,2.978,"KIAA1239"
6.952,-2.351,-3.781,0.0003023,0.003696,0.05608,"GPR17"
6.883,-2.353,-4.028,0.0001283,0.002067,0.85,"INA"
4.689,-2.362,-5.019,3.144e-06,0.000158,4.325,"KCTD4"
3.875,-2.373,-4.664,1.242e-05,0.0004168,3.032,"FAM19A1"
1.083,-2.374,-4.669,1.222e-05,0.0004134,3.048,"PAX1"
3.663,-2.375,-6.261,1.866e-08,4.937e-06,9.18,"SYT16"
3.713,-2.381,-3.866,0.0002256,0.003045,0.3269,"CDH18"
3.465,-2.387,-3.937,0.000177,0.00256,0.5519,"HCN1"
4.521,-2.388,-4.235,6.12e-05,0.001232,1.54,"CKMT1A"
3.939,-2.427,-4.539,2e-05,0.0005818,2.586,"CBLN2"
4.369,-2.435,-5.705,1.95e-07,2.418e-05,6.954,"ANO3"
6.217,-2.438,-3.616,0.0005251,0.005495,-0.4528,"VIPR2"
5.44,-2.442,-3.704,0.0003919,0.004447,-0.1835,"PDYN"
4.387,-2.448,-3.243,0.001737,0.01274,-1.547,"TAC1"
5.864,-2.449,-4.442,2.871e-05,0.0007315,2.247,"CKMT1B"
1.804,-2.481,-5.003,3.35e-06,0.0001663,4.266,"PCDH11Y"
4.268,-2.488,-3.879,0.0002158,0.002948,0.3679,"KCNC2"
1.307,-2.496,-4.483,2.465e-05,0.0006649,2.39,"GLRA3"
4.881,-2.518,-4.49,2.396e-05,0.0006559,2.416,"GRID2"
2.173,-2.522,-5.394,7e-07,5.65e-05,5.744,"KHDRBS2"
4.867,-2.527,-4.356,3.945e-05,0.0008914,1.95,"VSTM2B"
5.963,-2.536,-3.94,0.0001746,0.002536,0.5646,"CCK"
3.552,-2.566,-3.94,0.0001746,0.002536,0.5645,"KLRC2"
5.049,-2.591,-4.222,6.433e-05,0.001275,1.493,"VSTM2A"
5.266,-2.619,-3.653,0.0004652,0.005019,-0.3413,"GABRG2"
5.052,-2.627,-5.361,7.981e-07,6.06e-05,5.62,"FLJ43390"
7.267,-2.634,-3.749,0.0003371,0.00399,-0.04448,"NEFL"
5.854,-2.651,-5.131,2.016e-06,0.0001198,4.745,"PCDH15"
5.136,-2.664,-3.611,0.000534,0.005551,-0.4683,"GABRA1"
1.889,-2.705,-7.007,7.259e-10,4.377e-07,12.27,"ADAMTS19"
6.284,-2.705,-5.429,6.056e-07,5.166e-05,5.881,"DPP10"
3.732,-2.785,-4.995,3.459e-06,0.0001713,4.235,"LRTM2"
7.333,-2.845,-5.427,6.127e-07,5.18e-05,5.87,"SNAP91"
1.555,-2.875,-7.31,1.9e-10,1.947e-07,13.54,"CDH7"
3.986,-2.911,-5.122,2.093e-06,0.0001212,4.709,"CNTN3"
4.358,-2.942,-5.244,1.284e-06,8.776e-05,5.17,"PCDH11X"
6.3,-2.951,-5.027,3.044e-06,0.0001556,4.356,"CA10"
3.415,-2.988,-5.122,2.087e-06,0.0001212,4.712,"IGFN1"
3.561,-3.051,-5.746,1.645e-07,2.162e-05,7.115,"SSTR1"
3.118,-3.193,-5.792,1.357e-07,1.867e-05,7.297,"SLC1A6"
